category,slug,year,file_path
prefecture-rank,abandoned-cultivated-land-area,2014,/Users/minamidaisuke/stats47/contents/prefecture-rank/abandoned-cultivated-land-area/2014.mdx
prefecture-rank,accidental-deaths-per-100k,2022,/Users/minamidaisuke/stats47/contents/prefecture-rank/accidental-deaths-per-100k/2022.mdx
prefecture-rank,actual-income-worker-households-per-month,2023,/Users/minamidaisuke/stats47/contents/prefecture-rank/actual-income-worker-households-per-month/2023.mdx
prefecture-rank,administrative-event-count,2022,/Users/minamidaisuke/stats47/contents/prefecture-rank/administrative-event-count/2022.mdx
prefecture-rank,adult-class-lecture-count-per-million,2020,/Users/minamidaisuke/stats47/contents/prefecture-rank/adult-class-lecture-count-per-million/2020.mdx
prefecture-rank,age-adjusted-mortality-rate-man,2015,/Users/minamidaisuke/stats47/contents/prefecture-rank/age-adjusted-mortality-rate-man/2015.mdx
prefecture-rank,age-adjusted-mortality-rate-old,2022,/Users/minamidaisuke/stats47/contents/prefecture-rank/age-adjusted-mortality-rate-old/2022.mdx
prefecture-rank,age-adjusted-mortality-rate-woman,2015,/Users/minamidaisuke/stats47/contents/prefecture-rank/age-adjusted-mortality-rate-woman/2015.mdx
prefecture-rank,aging-index,2022,/Users/minamidaisuke/stats47/contents/prefecture-rank/aging-index/2022.mdx
prefecture-rank,agricultural-employment-population,2014,/Users/minamidaisuke/stats47/contents/prefecture-rank/agricultural-employment-population/2014.mdx
prefecture-rank,agricultural-farm-count,2019,/Users/minamidaisuke/stats47/contents/prefecture-rank/agricultural-farm-count/2019.mdx
prefecture-rank,agricultural-land-conversion-area,2021,/Users/minamidaisuke/stats47/contents/prefecture-rank/agricultural-land-conversion-area/2021.mdx
prefecture-rank,agricultural-output,2022,/Users/minamidaisuke/stats47/contents/prefecture-rank/agricultural-output/2022.mdx
prefecture-rank,agricultural-output-per-employed-person,2018,/Users/minamidaisuke/stats47/contents/prefecture-rank/agricultural-output-per-employed-person/2018.mdx
prefecture-rank,annual-emergency-dispatches-per-1000,2022,/Users/minamidaisuke/stats47/contents/prefecture-rank/annual-emergency-dispatches-per-1000/2022.mdx
prefecture-rank,annual-new-inpatients-general-hospital-per-100k,2022,/Users/minamidaisuke/stats47/contents/prefecture-rank/annual-new-inpatients-general-hospital-per-100k/2022.mdx
prefecture-rank,annual-new-inpatients-psychiatric-hospital-per-100k,2022,/Users/minamidaisuke/stats47/contents/prefecture-rank/annual-new-inpatients-psychiatric-hospital-per-100k/2022.mdx
prefecture-rank,annual-precipitation,2023,/Users/minamidaisuke/stats47/contents/prefecture-rank/annual-precipitation/2023.mdx
prefecture-rank,annual-precipitation-days,2023,/Users/minamidaisuke/stats47/contents/prefecture-rank/annual-precipitation-days/2023.mdx
prefecture-rank,annual-sales-amount,2021,/Users/minamidaisuke/stats47/contents/prefecture-rank/annual-sales-amount/2021.mdx
prefecture-rank,annual-sales-amount-per-employee,2021,/Users/minamidaisuke/stats47/contents/prefecture-rank/annual-sales-amount-per-employee/2021.mdx
prefecture-rank,annual-sales-amount-per-establishment,2021,/Users/minamidaisuke/stats47/contents/prefecture-rank/annual-sales-amount-per-establishment/2021.mdx
prefecture-rank,annual-sunshine-duration,2023,/Users/minamidaisuke/stats47/contents/prefecture-rank/annual-sunshine-duration/2023.mdx
prefecture-rank,apartment-ratio,2023,/Users/minamidaisuke/stats47/contents/prefecture-rank/apartment-ratio/2023.mdx
prefecture-rank,apparel-retail-store-count-per-1000,2006,/Users/minamidaisuke/stats47/contents/prefecture-rank/apparel-retail-store-count-per-1000/2006.mdx
prefecture-rank,apparel-retail-store-count-per-1000-alt,2021,/Users/minamidaisuke/stats47/contents/prefecture-rank/apparel-retail-store-count-per-1000-alt/2021.mdx
prefecture-rank,artificial-forest-area,2007,/Users/minamidaisuke/stats47/contents/prefecture-rank/artificial-forest-area/2007.mdx
prefecture-rank,auto-liability-insurance-amount-received-per-payment,2022,/Users/minamidaisuke/stats47/contents/prefecture-rank/auto-liability-insurance-amount-received-per-payment/2022.mdx
prefecture-rank,average-age-of-first-marriage-husband,2022,/Users/minamidaisuke/stats47/contents/prefecture-rank/average-age-of-first-marriage-husband/2022.mdx
prefecture-rank,average-age-of-first-marriage-wife,2022,/Users/minamidaisuke/stats47/contents/prefecture-rank/average-age-of-first-marriage-wife/2022.mdx
prefecture-rank,average-broadcast-media-consumption-time-employed-man,2021,/Users/minamidaisuke/stats47/contents/prefecture-rank/average-broadcast-media-consumption-time-employed-man/2021.mdx
prefecture-rank,average-broadcast-media-consumption-time-employed-woman,2021,/Users/minamidaisuke/stats47/contents/prefecture-rank/average-broadcast-media-consumption-time-employed-woman/2021.mdx
prefecture-rank,average-height-high-school-second-grade-female,2022,/Users/minamidaisuke/stats47/contents/prefecture-rank/average-height-high-school-second-grade-female/2022.mdx
prefecture-rank,average-height-middle-school-second-grade-female,2022,/Users/minamidaisuke/stats47/contents/prefecture-rank/average-height-middle-school-second-grade-female/2022.mdx
prefecture-rank,average-height-middle-school-second-grade-male,2022,/Users/minamidaisuke/stats47/contents/prefecture-rank/average-height-middle-school-second-grade-male/2022.mdx
prefecture-rank,average-height-primary-school-fifth-grade-female,2022,/Users/minamidaisuke/stats47/contents/prefecture-rank/average-height-primary-school-fifth-grade-female/2022.mdx
prefecture-rank,average-height-primary-school-fifth-grade-male,2022,/Users/minamidaisuke/stats47/contents/prefecture-rank/average-height-primary-school-fifth-grade-male/2022.mdx
prefecture-rank,average-life-expectancy-female,2020,/Users/minamidaisuke/stats47/contents/prefecture-rank/average-life-expectancy-female/2020.mdx
prefecture-rank,average-life-expectancy-female-65,2020,/Users/minamidaisuke/stats47/contents/prefecture-rank/average-life-expectancy-female-65/2020.mdx
prefecture-rank,average-life-expectancy-male,2020,/Users/minamidaisuke/stats47/contents/prefecture-rank/average-life-expectancy-male/2020.mdx
prefecture-rank,average-life-expectancy-male-65,2020,/Users/minamidaisuke/stats47/contents/prefecture-rank/average-life-expectancy-male-65/2020.mdx
prefecture-rank,average-number-of-people-in-general-households,2020,/Users/minamidaisuke/stats47/contents/prefecture-rank/average-number-of-people-in-general-households/2020.mdx
prefecture-rank,average-relative-humidity,2023,/Users/minamidaisuke/stats47/contents/prefecture-rank/average-relative-humidity/2023.mdx
prefecture-rank,average-road-traffic,2020,/Users/minamidaisuke/stats47/contents/prefecture-rank/average-road-traffic/2020.mdx
prefecture-rank,average-temperature,2023,/Users/minamidaisuke/stats47/contents/prefecture-rank/average-temperature/2023.mdx
prefecture-rank,average-weight-high-school-second-grade-female,2022,/Users/minamidaisuke/stats47/contents/prefecture-rank/average-weight-high-school-second-grade-female/2022.mdx
prefecture-rank,average-weight-high-school-second-grade-male,2022,/Users/minamidaisuke/stats47/contents/prefecture-rank/average-weight-high-school-second-grade-male/2022.mdx
prefecture-rank,average-weight-middle-school-second-grade-female,2022,/Users/minamidaisuke/stats47/contents/prefecture-rank/average-weight-middle-school-second-grade-female/2022.mdx
prefecture-rank,average-weight-middle-school-second-grade-male,2022,/Users/minamidaisuke/stats47/contents/prefecture-rank/average-weight-middle-school-second-grade-male/2022.mdx
prefecture-rank,average-weight-primary-school-fifth-grade-female,2022,/Users/minamidaisuke/stats47/contents/prefecture-rank/average-weight-primary-school-fifth-grade-female/2022.mdx
prefecture-rank,average-weight-primary-school-fifth-grade-male,2022,/Users/minamidaisuke/stats47/contents/prefecture-rank/average-weight-primary-school-fifth-grade-male/2022.mdx
prefecture-rank,avg-daily-inpatients-general-hospital-per-100k,2022,/Users/minamidaisuke/stats47/contents/prefecture-rank/avg-daily-inpatients-general-hospital-per-100k/2022.mdx
prefecture-rank,avg-daily-inpatients-psychiatric-hospital-per-100k,2022,/Users/minamidaisuke/stats47/contents/prefecture-rank/avg-daily-inpatients-psychiatric-hospital-per-100k/2022.mdx
prefecture-rank,avg-daily-outpatients-general-hospital-per-100k,2022,/Users/minamidaisuke/stats47/contents/prefecture-rank/avg-daily-outpatients-general-hospital-per-100k/2022.mdx
prefecture-rank,avg-daily-outpatients-psychiatric-hospital-per-100k,2022,/Users/minamidaisuke/stats47/contents/prefecture-rank/avg-daily-outpatients-psychiatric-hospital-per-100k/2022.mdx
prefecture-rank,avg-propensity-to-consume-worker-households,2023,/Users/minamidaisuke/stats47/contents/prefecture-rank/avg-propensity-to-consume-worker-households/2023.mdx
prefecture-rank,avg-savings-rate-worker-households,2023,/Users/minamidaisuke/stats47/contents/prefecture-rank/avg-savings-rate-worker-households/2023.mdx
prefecture-rank,barber-beauty-salon-count-per-100k,2022,/Users/minamidaisuke/stats47/contents/prefecture-rank/barber-beauty-salon-count-per-100k/2022.mdx
prefecture-rank,bathroom-housing-ratio,2008,/Users/minamidaisuke/stats47/contents/prefecture-rank/bathroom-housing-ratio/2008.mdx
prefecture-rank,block-park-count-per-100km2,2022,/Users/minamidaisuke/stats47/contents/prefecture-rank/block-park-count-per-100km2/2022.mdx
prefecture-rank,book-magazine-retail-annual-sales-per-capita,2006,/Users/minamidaisuke/stats47/contents/prefecture-rank/book-magazine-retail-annual-sales-per-capita/2006.mdx
prefecture-rank,building-fire-count,2022,/Users/minamidaisuke/stats47/contents/prefecture-rank/building-fire-count/2022.mdx
prefecture-rank,building-fire-count-per-100-thousand-people,2022,/Users/minamidaisuke/stats47/contents/prefecture-rank/building-fire-count-per-100-thousand-people/2022.mdx
prefecture-rank,building-fire-count-per-100k,2022,/Users/minamidaisuke/stats47/contents/prefecture-rank/building-fire-count-per-100k/2022.mdx
prefecture-rank,building-fire-damage-amount,2022,/Users/minamidaisuke/stats47/contents/prefecture-rank/building-fire-damage-amount/2022.mdx
prefecture-rank,building-fire-damage-amount-per-building-fire,2022,/Users/minamidaisuke/stats47/contents/prefecture-rank/building-fire-damage-amount-per-building-fire/2022.mdx
prefecture-rank,building-fire-damage-amount-per-person,2022,/Users/minamidaisuke/stats47/contents/prefecture-rank/building-fire-damage-amount-per-person/2022.mdx
prefecture-rank,building-fire-damage-area,2007,/Users/minamidaisuke/stats47/contents/prefecture-rank/building-fire-damage-area/2007.mdx
prefecture-rank,car-ownership-multi-person-households-per-1000,2014,/Users/minamidaisuke/stats47/contents/prefecture-rank/car-ownership-multi-person-households-per-1000/2014.mdx
prefecture-rank,child-consultation-center-cases-per-1000,2021,/Users/minamidaisuke/stats47/contents/prefecture-rank/child-consultation-center-cases-per-1000/2021.mdx
prefecture-rank,child-welfare-facility-count-per-100k,2022,/Users/minamidaisuke/stats47/contents/prefecture-rank/child-welfare-facility-count-per-100k/2022.mdx
prefecture-rank,child-welfare-facility-staff-per-100k,2022,/Users/minamidaisuke/stats47/contents/prefecture-rank/child-welfare-facility-staff-per-100k/2022.mdx
prefecture-rank,city-gas-sales-volume,2016,/Users/minamidaisuke/stats47/contents/prefecture-rank/city-gas-sales-volume/2016.mdx
prefecture-rank,city-gas-supply-area-household-ratio,2016,/Users/minamidaisuke/stats47/contents/prefecture-rank/city-gas-supply-area-household-ratio/2016.mdx
prefecture-rank,civil-event-count,2022,/Users/minamidaisuke/stats47/contents/prefecture-rank/civil-event-count/2022.mdx
prefecture-rank,cleaning-shop-count-per-100k,2022,/Users/minamidaisuke/stats47/contents/prefecture-rank/cleaning-shop-count-per-100k/2022.mdx
prefecture-rank,clothing-footwear-expenditure-ratio-multi-person-households,2023,/Users/minamidaisuke/stats47/contents/prefecture-rank/clothing-footwear-expenditure-ratio-multi-person-households/2023.mdx
prefecture-rank,commercial-and-neighborhood-commercial-area-ratio,2022,/Users/minamidaisuke/stats47/contents/prefecture-rank/commercial-and-neighborhood-commercial-area-ratio/2022.mdx
prefecture-rank,community-sports-facility-count-per-million,2021,/Users/minamidaisuke/stats47/contents/prefecture-rank/community-sports-facility-count-per-million/2021.mdx
prefecture-rank,complainant-rate-per-1000,2022,/Users/minamidaisuke/stats47/contents/prefecture-rank/complainant-rate-per-1000/2022.mdx
prefecture-rank,construction-industry-count,2022,/Users/minamidaisuke/stats47/contents/prefecture-rank/construction-industry-count/2022.mdx
prefecture-rank,consumption-expenditure-multi-person-households-per-month,2023,/Users/minamidaisuke/stats47/contents/prefecture-rank/consumption-expenditure-multi-person-households-per-month/2023.mdx
prefecture-rank,convenience-store-count-per-100k,2014,/Users/minamidaisuke/stats47/contents/prefecture-rank/convenience-store-count-per-100k/2014.mdx
prefecture-rank,cpi-change-rate-clothing,2023,/Users/minamidaisuke/stats47/contents/prefecture-rank/cpi-change-rate-clothing/2023.mdx
prefecture-rank,cpi-change-rate-culture-recreation,2023,/Users/minamidaisuke/stats47/contents/prefecture-rank/cpi-change-rate-culture-recreation/2023.mdx
prefecture-rank,cpi-change-rate-education,2023,/Users/minamidaisuke/stats47/contents/prefecture-rank/cpi-change-rate-education/2023.mdx
prefecture-rank,cpi-change-rate-food,2023,/Users/minamidaisuke/stats47/contents/prefecture-rank/cpi-change-rate-food/2023.mdx
prefecture-rank,cpi-change-rate-furniture,2023,/Users/minamidaisuke/stats47/contents/prefecture-rank/cpi-change-rate-furniture/2023.mdx
prefecture-rank,cpi-change-rate-healthcare,2023,/Users/minamidaisuke/stats47/contents/prefecture-rank/cpi-change-rate-healthcare/2023.mdx
prefecture-rank,cpi-change-rate-housing,2023,/Users/minamidaisuke/stats47/contents/prefecture-rank/cpi-change-rate-housing/2023.mdx
prefecture-rank,cpi-change-rate-miscellaneous,2023,/Users/minamidaisuke/stats47/contents/prefecture-rank/cpi-change-rate-miscellaneous/2023.mdx
prefecture-rank,cpi-change-rate-total,2023,/Users/minamidaisuke/stats47/contents/prefecture-rank/cpi-change-rate-total/2023.mdx
prefecture-rank,cpi-change-rate-transport-communication,2023,/Users/minamidaisuke/stats47/contents/prefecture-rank/cpi-change-rate-transport-communication/2023.mdx
prefecture-rank,cpi-change-rate-utilities,2023,/Users/minamidaisuke/stats47/contents/prefecture-rank/cpi-change-rate-utilities/2023.mdx
prefecture-rank,cpi-regional-difference-index-clothing,2023,/Users/minamidaisuke/stats47/contents/prefecture-rank/cpi-regional-difference-index-clothing/2023.mdx
prefecture-rank,cpi-regional-difference-index-culture-recreation,2023,/Users/minamidaisuke/stats47/contents/prefecture-rank/cpi-regional-difference-index-culture-recreation/2023.mdx
prefecture-rank,cpi-regional-difference-index-education,2023,/Users/minamidaisuke/stats47/contents/prefecture-rank/cpi-regional-difference-index-education/2023.mdx
prefecture-rank,cpi-regional-difference-index-food,2023,/Users/minamidaisuke/stats47/contents/prefecture-rank/cpi-regional-difference-index-food/2023.mdx
prefecture-rank,cpi-regional-difference-index-food-51cities100,2013,/Users/minamidaisuke/stats47/contents/prefecture-rank/cpi-regional-difference-index-food-51cities100/2013.mdx
prefecture-rank,cpi-regional-difference-index-food-tokyo100,2009,/Users/minamidaisuke/stats47/contents/prefecture-rank/cpi-regional-difference-index-food-tokyo100/2009.mdx
prefecture-rank,cpi-regional-difference-index-furniture,2023,/Users/minamidaisuke/stats47/contents/prefecture-rank/cpi-regional-difference-index-furniture/2023.mdx
prefecture-rank,cpi-regional-difference-index-healthcare,2023,/Users/minamidaisuke/stats47/contents/prefecture-rank/cpi-regional-difference-index-healthcare/2023.mdx
prefecture-rank,cpi-regional-difference-index-housing,2023,/Users/minamidaisuke/stats47/contents/prefecture-rank/cpi-regional-difference-index-housing/2023.mdx
prefecture-rank,cpi-regional-difference-index-miscellaneous,2023,/Users/minamidaisuke/stats47/contents/prefecture-rank/cpi-regional-difference-index-miscellaneous/2023.mdx
prefecture-rank,cpi-regional-difference-index-total,2023,/Users/minamidaisuke/stats47/contents/prefecture-rank/cpi-regional-difference-index-total/2023.mdx
prefecture-rank,cpi-regional-difference-index-total-51cities100,2013,/Users/minamidaisuke/stats47/contents/prefecture-rank/cpi-regional-difference-index-total-51cities100/2013.mdx
prefecture-rank,cpi-regional-difference-index-total-tokyo100,2009,/Users/minamidaisuke/stats47/contents/prefecture-rank/cpi-regional-difference-index-total-tokyo100/2009.mdx
prefecture-rank,cpi-regional-difference-index-transport-communication,2023,/Users/minamidaisuke/stats47/contents/prefecture-rank/cpi-regional-difference-index-transport-communication/2023.mdx
prefecture-rank,cpi-regional-difference-index-utilities,2023,/Users/minamidaisuke/stats47/contents/prefecture-rank/cpi-regional-difference-index-utilities/2023.mdx
prefecture-rank,criminal-arrest-count,2022,/Users/minamidaisuke/stats47/contents/prefecture-rank/criminal-arrest-count/2022.mdx
prefecture-rank,criminal-arrest-person,2022,/Users/minamidaisuke/stats47/contents/prefecture-rank/criminal-arrest-person/2022.mdx
prefecture-rank,criminal-arrest-rate,2022,/Users/minamidaisuke/stats47/contents/prefecture-rank/criminal-arrest-rate/2022.mdx
prefecture-rank,criminal-recognition-count,2022,/Users/minamidaisuke/stats47/contents/prefecture-rank/criminal-recognition-count/2022.mdx
prefecture-rank,criminal-recognition-count-of-prostitution-crime-rate,2022,/Users/minamidaisuke/stats47/contents/prefecture-rank/criminal-recognition-count-of-prostitution-crime-rate/2022.mdx
prefecture-rank,criminal-recognition-count-of-serious-crime-rate,2022,/Users/minamidaisuke/stats47/contents/prefecture-rank/criminal-recognition-count-of-serious-crime-rate/2022.mdx
prefecture-rank,criminal-recognition-count-of-theft-crime-rate,2022,/Users/minamidaisuke/stats47/contents/prefecture-rank/criminal-recognition-count-of-theft-crime-rate/2022.mdx
prefecture-rank,criminal-recognition-count-of-violent-crime-rate,2022,/Users/minamidaisuke/stats47/contents/prefecture-rank/criminal-recognition-count-of-violent-crime-rate/2022.mdx
prefecture-rank,crude-birth-rate,2022,/Users/minamidaisuke/stats47/contents/prefecture-rank/crude-birth-rate/2022.mdx
prefecture-rank,crude-death-rate,2022,/Users/minamidaisuke/stats47/contents/prefecture-rank/crude-death-rate/2022.mdx
prefecture-rank,cultivated-land-area-per-household,2023,/Users/minamidaisuke/stats47/contents/prefecture-rank/cultivated-land-area-per-household/2023.mdx
prefecture-rank,cultivated-land-area-ratio,2023,/Users/minamidaisuke/stats47/contents/prefecture-rank/cultivated-land-area-ratio/2023.mdx
prefecture-rank,culture-recreation-expenditure-ratio-multi-person-households,2023,/Users/minamidaisuke/stats47/contents/prefecture-rank/culture-recreation-expenditure-ratio-multi-person-households/2023.mdx
prefecture-rank,current-balance-ratio,2021,/Users/minamidaisuke/stats47/contents/prefecture-rank/current-balance-ratio/2021.mdx
prefecture-rank,current-deposit-balance-ratio-multi-person-households,2014,/Users/minamidaisuke/stats47/contents/prefecture-rank/current-deposit-balance-ratio-multi-person-households/2014.mdx
prefecture-rank,current-liabilities-balance-multi-person-households,2014,/Users/minamidaisuke/stats47/contents/prefecture-rank/current-liabilities-balance-multi-person-households/2014.mdx
prefecture-rank,current-life-insurance-balance-ratio-multi-person-households,2014,/Users/minamidaisuke/stats47/contents/prefecture-rank/current-life-insurance-balance-ratio-multi-person-households/2014.mdx
prefecture-rank,current-savings-balance-multi-person-households,2014,/Users/minamidaisuke/stats47/contents/prefecture-rank/current-savings-balance-multi-person-households/2014.mdx
prefecture-rank,current-securities-balance-ratio-multi-person-households,2014,/Users/minamidaisuke/stats47/contents/prefecture-rank/current-securities-balance-ratio-multi-person-households/2014.mdx
prefecture-rank,day-time-population,2020,/Users/minamidaisuke/stats47/contents/prefecture-rank/day-time-population/2020.mdx
prefecture-rank,day-time-population-ratio,2020,/Users/minamidaisuke/stats47/contents/prefecture-rank/day-time-population-ratio/2020.mdx
prefecture-rank,death-count,2022,/Users/minamidaisuke/stats47/contents/prefecture-rank/death-count/2022.mdx
prefecture-rank,deaths-cerebrovascular-disease-per-100k,2022,/Users/minamidaisuke/stats47/contents/prefecture-rank/deaths-cerebrovascular-disease-per-100k/2022.mdx
prefecture-rank,deaths-diabetes-per-100k,2022,/Users/minamidaisuke/stats47/contents/prefecture-rank/deaths-diabetes-per-100k/2022.mdx
prefecture-rank,deaths-heart-disease-excl-hypertensive-per-100k,2022,/Users/minamidaisuke/stats47/contents/prefecture-rank/deaths-heart-disease-excl-hypertensive-per-100k/2022.mdx
prefecture-rank,deaths-hypertensive-diseases-per-100k,2022,/Users/minamidaisuke/stats47/contents/prefecture-rank/deaths-hypertensive-diseases-per-100k/2022.mdx
prefecture-rank,deaths-lifestyle-diseases-per-100k,2022,/Users/minamidaisuke/stats47/contents/prefecture-rank/deaths-lifestyle-diseases-per-100k/2022.mdx
prefecture-rank,deaths-malignant-neoplasms-per-100k,2022,/Users/minamidaisuke/stats47/contents/prefecture-rank/deaths-malignant-neoplasms-per-100k/2022.mdx
prefecture-rank,defensive-volunteer-group-count,2023,/Users/minamidaisuke/stats47/contents/prefecture-rank/defensive-volunteer-group-count/2023.mdx
prefecture-rank,defensive-volunteer-group-member-count,2023,/Users/minamidaisuke/stats47/contents/prefecture-rank/defensive-volunteer-group-member-count/2023.mdx
prefecture-rank,dental-checkup-guidance-persons-per-1000,2020,/Users/minamidaisuke/stats47/contents/prefecture-rank/dental-checkup-guidance-persons-per-1000/2020.mdx
prefecture-rank,dental-checkup-persons-per-1000,2022,/Users/minamidaisuke/stats47/contents/prefecture-rank/dental-checkup-persons-per-1000/2022.mdx
prefecture-rank,dental-clinic-count-per-100k,2022,/Users/minamidaisuke/stats47/contents/prefecture-rank/dental-clinic-count-per-100k/2022.mdx
prefecture-rank,dental-clinic-count-per-100km2,2022,/Users/minamidaisuke/stats47/contents/prefecture-rank/dental-clinic-count-per-100km2/2022.mdx
prefecture-rank,dental-guidance-persons-per-1000,2022,/Users/minamidaisuke/stats47/contents/prefecture-rank/dental-guidance-persons-per-1000/2022.mdx
prefecture-rank,dentists-in-medical-facilities-per-100k,2022,/Users/minamidaisuke/stats47/contents/prefecture-rank/dentists-in-medical-facilities-per-100k/2022.mdx
prefecture-rank,department-store-count-per-100k,2006,/Users/minamidaisuke/stats47/contents/prefecture-rank/department-store-count-per-100k/2006.mdx
prefecture-rank,department-supermarket-count-per-100k,2021,/Users/minamidaisuke/stats47/contents/prefecture-rank/department-supermarket-count-per-100k/2021.mdx
prefecture-rank,deposit-balance-ratio-multi-person-households,2019,/Users/minamidaisuke/stats47/contents/prefecture-rank/deposit-balance-ratio-multi-person-households/2019.mdx
prefecture-rank,detached-house-ratio,2023,/Users/minamidaisuke/stats47/contents/prefecture-rank/detached-house-ratio/2023.mdx
prefecture-rank,disaster-damage-amount-per-person,2022,/Users/minamidaisuke/stats47/contents/prefecture-rank/disaster-damage-amount-per-person/2022.mdx
prefecture-rank,divorces,2022,/Users/minamidaisuke/stats47/contents/prefecture-rank/divorces/2022.mdx
prefecture-rank,divorces-per-total-population,2022,/Users/minamidaisuke/stats47/contents/prefecture-rank/divorces-per-total-population/2022.mdx
prefecture-rank,drug-enforcement-arrest-person,2022,/Users/minamidaisuke/stats47/contents/prefecture-rank/drug-enforcement-arrest-person/2022.mdx
prefecture-rank,education-expenditure-ratio-multi-person-households,2023,/Users/minamidaisuke/stats47/contents/prefecture-rank/education-expenditure-ratio-multi-person-households/2023.mdx
prefecture-rank,elderly-class-lecture-count-per-million,2020,/Users/minamidaisuke/stats47/contents/prefecture-rank/elderly-class-lecture-count-per-million/2020.mdx
prefecture-rank,elderly-couple-households,2005,/Users/minamidaisuke/stats47/contents/prefecture-rank/elderly-couple-households/2005.mdx
prefecture-rank,elderly-on-public-assistance-per-1000-65plus,2021,/Users/minamidaisuke/stats47/contents/prefecture-rank/elderly-on-public-assistance-per-1000-65plus/2021.mdx
prefecture-rank,elderly-workers-ratio,2020,/Users/minamidaisuke/stats47/contents/prefecture-rank/elderly-workers-ratio/2020.mdx
prefecture-rank,electricity-generation-capacity,2022,/Users/minamidaisuke/stats47/contents/prefecture-rank/electricity-generation-capacity/2022.mdx
prefecture-rank,elementary-school-count,2023,/Users/minamidaisuke/stats47/contents/prefecture-rank/elementary-school-count/2023.mdx
prefecture-rank,employed-outside-the-prefecture,2023,/Users/minamidaisuke/stats47/contents/prefecture-rank/employed-outside-the-prefecture/2023.mdx
prefecture-rank,employed-people-count,2020,/Users/minamidaisuke/stats47/contents/prefecture-rank/employed-people-count/2020.mdx
prefecture-rank,employed-people-ratio,2020,/Users/minamidaisuke/stats47/contents/prefecture-rank/employed-people-ratio/2020.mdx
prefecture-rank,employed-people-ratio-primary,2020,/Users/minamidaisuke/stats47/contents/prefecture-rank/employed-people-ratio-primary/2020.mdx
prefecture-rank,employed-people-ratio-secondary,2020,/Users/minamidaisuke/stats47/contents/prefecture-rank/employed-people-ratio-secondary/2020.mdx
prefecture-rank,employed-people-ratio-tertiary,2020,/Users/minamidaisuke/stats47/contents/prefecture-rank/employed-people-ratio-tertiary/2020.mdx
prefecture-rank,employment-rate,2021,/Users/minamidaisuke/stats47/contents/prefecture-rank/employment-rate/2021.mdx
prefecture-rank,farm-household-expenditure-per-month,2003,/Users/minamidaisuke/stats47/contents/prefecture-rank/farm-household-expenditure-per-month/2003.mdx
prefecture-rank,female-class-lecture-count-per-million-female,2020,/Users/minamidaisuke/stats47/contents/prefecture-rank/female-class-lecture-count-per-million-female/2020.mdx
prefecture-rank,final-disposal-site-remaining-capacity,2022,/Users/minamidaisuke/stats47/contents/prefecture-rank/final-disposal-site-remaining-capacity/2022.mdx
prefecture-rank,financial-assets-balance-multi-person-households,2019,/Users/minamidaisuke/stats47/contents/prefecture-rank/financial-assets-balance-multi-person-households/2019.mdx
prefecture-rank,financial-power-index,2021,/Users/minamidaisuke/stats47/contents/prefecture-rank/financial-power-index/2021.mdx
prefecture-rank,fire-damage-amount,2022,/Users/minamidaisuke/stats47/contents/prefecture-rank/fire-damage-amount/2022.mdx
prefecture-rank,fire-damage-casualties,2022,/Users/minamidaisuke/stats47/contents/prefecture-rank/fire-damage-casualties/2022.mdx
prefecture-rank,fire-damage-casualties-per-accident,2022,/Users/minamidaisuke/stats47/contents/prefecture-rank/fire-damage-casualties-per-accident/2022.mdx
prefecture-rank,fire-damage-casualties-per-population,2022,/Users/minamidaisuke/stats47/contents/prefecture-rank/fire-damage-casualties-per-population/2022.mdx
prefecture-rank,fire-damage-death-count,2022,/Users/minamidaisuke/stats47/contents/prefecture-rank/fire-damage-death-count/2022.mdx
prefecture-rank,fire-damage-household-count,2022,/Users/minamidaisuke/stats47/contents/prefecture-rank/fire-damage-household-count/2022.mdx
prefecture-rank,fire-damage-household-count-per-100-building-fires,2022,/Users/minamidaisuke/stats47/contents/prefecture-rank/fire-damage-household-count-per-100-building-fires/2022.mdx
prefecture-rank,fire-damage-injury-count,2022,/Users/minamidaisuke/stats47/contents/prefecture-rank/fire-damage-injury-count/2022.mdx
prefecture-rank,fire-damage-person-count,2022,/Users/minamidaisuke/stats47/contents/prefecture-rank/fire-damage-person-count/2022.mdx
prefecture-rank,fire-department-count,2023,/Users/minamidaisuke/stats47/contents/prefecture-rank/fire-department-count/2023.mdx
prefecture-rank,fire-department-count-per-100-km2,2023,/Users/minamidaisuke/stats47/contents/prefecture-rank/fire-department-count-per-100-km2/2023.mdx
prefecture-rank,fire-department-dispatch-count,2021,/Users/minamidaisuke/stats47/contents/prefecture-rank/fire-department-dispatch-count/2021.mdx
prefecture-rank,fire-department-dispatch-count-per-100-thousand-people,2021,/Users/minamidaisuke/stats47/contents/prefecture-rank/fire-department-dispatch-count-per-100-thousand-people/2021.mdx
prefecture-rank,fire-department-dispatch-person-count,2021,/Users/minamidaisuke/stats47/contents/prefecture-rank/fire-department-dispatch-person-count/2021.mdx
prefecture-rank,fire-department-emergency-car-count,2023,/Users/minamidaisuke/stats47/contents/prefecture-rank/fire-department-emergency-car-count/2023.mdx
prefecture-rank,fire-department-emergency-car-count-per-100k,2023,/Users/minamidaisuke/stats47/contents/prefecture-rank/fire-department-emergency-car-count-per-100k/2023.mdx
prefecture-rank,fire-department-emergency-dispatch-count,2022,/Users/minamidaisuke/stats47/contents/prefecture-rank/fire-department-emergency-dispatch-count/2022.mdx
prefecture-rank,fire-department-employees,2023,/Users/minamidaisuke/stats47/contents/prefecture-rank/fire-department-employees/2023.mdx
prefecture-rank,fire-department-fire-hydrant-count,2022,/Users/minamidaisuke/stats47/contents/prefecture-rank/fire-department-fire-hydrant-count/2022.mdx
prefecture-rank,fire-department-fire-tank-count,2022,/Users/minamidaisuke/stats47/contents/prefecture-rank/fire-department-fire-tank-count/2022.mdx
prefecture-rank,fire-department-member-count,2023,/Users/minamidaisuke/stats47/contents/prefecture-rank/fire-department-member-count/2023.mdx
prefecture-rank,fire-department-member-count-per-100-thousand-people,2022,/Users/minamidaisuke/stats47/contents/prefecture-rank/fire-department-member-count-per-100-thousand-people/2022.mdx
prefecture-rank,fire-department-pump-car-count,2022,/Users/minamidaisuke/stats47/contents/prefecture-rank/fire-department-pump-car-count/2022.mdx
prefecture-rank,fire-department-pump-car-count-per-100-thousand-people,2022,/Users/minamidaisuke/stats47/contents/prefecture-rank/fire-department-pump-car-count-per-100-thousand-people/2022.mdx
prefecture-rank,fire-dispatch-for-building-fire-count-per-100k,2021,/Users/minamidaisuke/stats47/contents/prefecture-rank/fire-dispatch-for-building-fire-count-per-100k/2021.mdx
prefecture-rank,fire-insurance-amount-received-per-contract,2016,/Users/minamidaisuke/stats47/contents/prefecture-rank/fire-insurance-amount-received-per-contract/2016.mdx
prefecture-rank,fire-insurance-amount-received-per-contract-alt,2022,/Users/minamidaisuke/stats47/contents/prefecture-rank/fire-insurance-amount-received-per-contract-alt/2022.mdx
prefecture-rank,fire-insurance-claims-received-per-1000-households,2016,/Users/minamidaisuke/stats47/contents/prefecture-rank/fire-insurance-claims-received-per-1000-households/2016.mdx
prefecture-rank,fire-insurance-claims-received-per-1000-households-alt,2022,/Users/minamidaisuke/stats47/contents/prefecture-rank/fire-insurance-claims-received-per-1000-households-alt/2022.mdx
prefecture-rank,fire-insurance-new-contracts-per-1000-households,2016,/Users/minamidaisuke/stats47/contents/prefecture-rank/fire-insurance-new-contracts-per-1000-households/2016.mdx
prefecture-rank,fire-insurance-new-contracts-per-1000-households-alt,2022,/Users/minamidaisuke/stats47/contents/prefecture-rank/fire-insurance-new-contracts-per-1000-households-alt/2022.mdx
prefecture-rank,fire-related-personnel-count-per-100k,2022,/Users/minamidaisuke/stats47/contents/prefecture-rank/fire-related-personnel-count-per-100k/2022.mdx
prefecture-rank,fishery-output-value,2016,/Users/minamidaisuke/stats47/contents/prefecture-rank/fishery-output-value/2016.mdx
prefecture-rank,flush-toilet-housing-ratio,2008,/Users/minamidaisuke/stats47/contents/prefecture-rank/flush-toilet-housing-ratio/2008.mdx
prefecture-rank,flush-toilet-population-ratio,2021,/Users/minamidaisuke/stats47/contents/prefecture-rank/flush-toilet-population-ratio/2021.mdx
prefecture-rank,food-business-facility-penalties-per-1000,2020,/Users/minamidaisuke/stats47/contents/prefecture-rank/food-business-facility-penalties-per-1000/2020.mdx
prefecture-rank,food-expenditure-ratio-multi-person-households,2023,/Users/minamidaisuke/stats47/contents/prefecture-rank/food-expenditure-ratio-multi-person-households/2023.mdx
prefecture-rank,food-retail-store-count-per-1000,2006,/Users/minamidaisuke/stats47/contents/prefecture-rank/food-retail-store-count-per-1000/2006.mdx
prefecture-rank,food-retail-store-count-per-1000-alt,2021,/Users/minamidaisuke/stats47/contents/prefecture-rank/food-retail-store-count-per-1000-alt/2021.mdx
prefecture-rank,foreign-resident-count,2020,/Users/minamidaisuke/stats47/contents/prefecture-rank/foreign-resident-count/2020.mdx
prefecture-rank,forest-area,2019,/Users/minamidaisuke/stats47/contents/prefecture-rank/forest-area/2019.mdx
prefecture-rank,forest-area-ratio,2019,/Users/minamidaisuke/stats47/contents/prefecture-rank/forest-area-ratio/2019.mdx
prefecture-rank,frequency-of-occupational-accidents,2022,/Users/minamidaisuke/stats47/contents/prefecture-rank/frequency-of-occupational-accidents/2022.mdx
prefecture-rank,furniture-household-goods-expenditure-ratio-multi-person-households,2023,/Users/minamidaisuke/stats47/contents/prefecture-rank/furniture-household-goods-expenditure-ratio-multi-person-households/2023.mdx
prefecture-rank,future-burden-ratio,2021,/Users/minamidaisuke/stats47/contents/prefecture-rank/future-burden-ratio/2021.mdx
prefecture-rank,garbage-landfill-rate,2022,/Users/minamidaisuke/stats47/contents/prefecture-rank/garbage-landfill-rate/2022.mdx
prefecture-rank,garbage-recycling-rate,2022,/Users/minamidaisuke/stats47/contents/prefecture-rank/garbage-recycling-rate/2022.mdx
prefecture-rank,gas-station-count-per-100km,2022,/Users/minamidaisuke/stats47/contents/prefecture-rank/gas-station-count-per-100km/2022.mdx
prefecture-rank,gasoline-sales-volume,2022,/Users/minamidaisuke/stats47/contents/prefecture-rank/gasoline-sales-volume/2022.mdx
prefecture-rank,general-clinic-count-per-100k,2022,/Users/minamidaisuke/stats47/contents/prefecture-rank/general-clinic-count-per-100k/2022.mdx
prefecture-rank,general-clinic-count-per-100km2,2022,/Users/minamidaisuke/stats47/contents/prefecture-rank/general-clinic-count-per-100km2/2022.mdx
prefecture-rank,general-dust-emitting-facility-count,2022,/Users/minamidaisuke/stats47/contents/prefecture-rank/general-dust-emitting-facility-count/2022.mdx
prefecture-rank,general-hospital-bed-count-per-100k,2022,/Users/minamidaisuke/stats47/contents/prefecture-rank/general-hospital-bed-count-per-100k/2022.mdx
prefecture-rank,general-hospital-count-per-100k,2022,/Users/minamidaisuke/stats47/contents/prefecture-rank/general-hospital-count-per-100k/2022.mdx
prefecture-rank,general-households,2020,/Users/minamidaisuke/stats47/contents/prefecture-rank/general-households/2020.mdx
prefecture-rank,habitable-area,2023,/Users/minamidaisuke/stats47/contents/prefecture-rank/habitable-area/2023.mdx
prefecture-rank,habitable-area-ratio,2023,/Users/minamidaisuke/stats47/contents/prefecture-rank/habitable-area-ratio/2023.mdx
prefecture-rank,healthcare-expenditure-ratio-multi-person-households,2023,/Users/minamidaisuke/stats47/contents/prefecture-rank/healthcare-expenditure-ratio-multi-person-households/2023.mdx
prefecture-rank,hobby-leisure-avg-time-employed-female,2021,/Users/minamidaisuke/stats47/contents/prefecture-rank/hobby-leisure-avg-time-employed-female/2021.mdx
prefecture-rank,hobby-leisure-avg-time-employed-male,2021,/Users/minamidaisuke/stats47/contents/prefecture-rank/hobby-leisure-avg-time-employed-male/2021.mdx
prefecture-rank,hobby-leisure-avg-time-unemployed-female,2021,/Users/minamidaisuke/stats47/contents/prefecture-rank/hobby-leisure-avg-time-unemployed-female/2021.mdx
prefecture-rank,hobby-leisure-avg-time-unemployed-male,2021,/Users/minamidaisuke/stats47/contents/prefecture-rank/hobby-leisure-avg-time-unemployed-male/2021.mdx
prefecture-rank,home-helper-count-per-100k,2002,/Users/minamidaisuke/stats47/contents/prefecture-rank/home-helper-count-per-100k/2002.mdx
prefecture-rank,home-helper-users-per-office,2022,/Users/minamidaisuke/stats47/contents/prefecture-rank/home-helper-users-per-office/2022.mdx
prefecture-rank,household-head-income-worker-households-per-month,2023,/Users/minamidaisuke/stats47/contents/prefecture-rank/household-head-income-worker-households-per-month/2023.mdx
prefecture-rank,household-ratio-above-minimum-housing-area,2023,/Users/minamidaisuke/stats47/contents/prefecture-rank/household-ratio-above-minimum-housing-area/2023.mdx
prefecture-rank,households-on-public-assistance-per-1000,2022,/Users/minamidaisuke/stats47/contents/prefecture-rank/households-on-public-assistance-per-1000/2022.mdx
prefecture-rank,housing-expenditure-ratio-multi-person-households,2023,/Users/minamidaisuke/stats47/contents/prefecture-rank/housing-expenditure-ratio-multi-person-households/2023.mdx
prefecture-rank,industrial-and-semi-industrial-area-ratio,2022,/Users/minamidaisuke/stats47/contents/prefecture-rank/industrial-and-semi-industrial-area-ratio/2022.mdx
prefecture-rank,industrial-exclusive-area-ratio,2022,/Users/minamidaisuke/stats47/contents/prefecture-rank/industrial-exclusive-area-ratio/2022.mdx
prefecture-rank,infant-mortality-rate-per-1000-births,2022,/Users/minamidaisuke/stats47/contents/prefecture-rank/infant-mortality-rate-per-1000-births/2022.mdx
prefecture-rank,intellectual-disability-rehabilitation-center-cases-per-100k,2022,/Users/minamidaisuke/stats47/contents/prefecture-rank/intellectual-disability-rehabilitation-center-cases-per-100k/2022.mdx
prefecture-rank,intellectual-disability-support-facility-count-per-1m,2011,/Users/minamidaisuke/stats47/contents/prefecture-rank/intellectual-disability-support-facility-count-per-1m/2011.mdx
prefecture-rank,intellectual-disability-support-facility-staff-per-100k,2011,/Users/minamidaisuke/stats47/contents/prefecture-rank/intellectual-disability-support-facility-staff-per-100k/2011.mdx
prefecture-rank,japan-health-insurance-society-enrollees-per-1000,2022,/Users/minamidaisuke/stats47/contents/prefecture-rank/japan-health-insurance-society-enrollees-per-1000/2022.mdx
prefecture-rank,juvenile-criminal-arrest-person,2022,/Users/minamidaisuke/stats47/contents/prefecture-rank/juvenile-criminal-arrest-person/2022.mdx
prefecture-rank,juvenile-criminal-arrest-person-per-population,2022,/Users/minamidaisuke/stats47/contents/prefecture-rank/juvenile-criminal-arrest-person-per-population/2022.mdx
prefecture-rank,juvenile-protection-event-new-admission-person,2022,/Users/minamidaisuke/stats47/contents/prefecture-rank/juvenile-protection-event-new-admission-person/2022.mdx
prefecture-rank,juvenile-theft-offender-arrests-per-1000-14-19,2022,/Users/minamidaisuke/stats47/contents/prefecture-rank/juvenile-theft-offender-arrests-per-1000-14-19/2022.mdx
prefecture-rank,labor-force-population,2020,/Users/minamidaisuke/stats47/contents/prefecture-rank/labor-force-population/2020.mdx
prefecture-rank,labor-force-population-ratio-man,2020,/Users/minamidaisuke/stats47/contents/prefecture-rank/labor-force-population-ratio-man/2020.mdx
prefecture-rank,labor-force-population-ratio-woman,2020,/Users/minamidaisuke/stats47/contents/prefecture-rank/labor-force-population-ratio-woman/2020.mdx
prefecture-rank,labor-union-members,2023,/Users/minamidaisuke/stats47/contents/prefecture-rank/labor-union-members/2023.mdx
prefecture-rank,labor-unions,2023,/Users/minamidaisuke/stats47/contents/prefecture-rank/labor-unions/2023.mdx
prefecture-rank,large-retail-store-count-per-100k,2006,/Users/minamidaisuke/stats47/contents/prefecture-rank/large-retail-store-count-per-100k/2006.mdx
prefecture-rank,large-retail-store-count-per-100k-alt,2021,/Users/minamidaisuke/stats47/contents/prefecture-rank/large-retail-store-count-per-100k-alt/2021.mdx
prefecture-rank,law-violation-juvenile-guidance-person,2022,/Users/minamidaisuke/stats47/contents/prefecture-rank/law-violation-juvenile-guidance-person/2022.mdx
prefecture-rank,library-count-per-million,2021,/Users/minamidaisuke/stats47/contents/prefecture-rank/library-count-per-million/2021.mdx
prefecture-rank,life-expectancy-0-female,2020,/Users/minamidaisuke/stats47/contents/prefecture-rank/life-expectancy-0-female/2020.mdx
prefecture-rank,life-expectancy-0-male,2020,/Users/minamidaisuke/stats47/contents/prefecture-rank/life-expectancy-0-male/2020.mdx
prefecture-rank,local-debt-current,2021,/Users/minamidaisuke/stats47/contents/prefecture-rank/local-debt-current/2021.mdx
prefecture-rank,local-debt-current-ratio,2021,/Users/minamidaisuke/stats47/contents/prefecture-rank/local-debt-current-ratio/2021.mdx
prefecture-rank,long-absence-middle-school-illness-per-1000,2022,/Users/minamidaisuke/stats47/contents/prefecture-rank/long-absence-middle-school-illness-per-1000/2022.mdx
prefecture-rank,long-absence-primary-school-illness-per-1000,2022,/Users/minamidaisuke/stats47/contents/prefecture-rank/long-absence-primary-school-illness-per-1000/2022.mdx
prefecture-rank,long-term-care-medical-facility-count-per-100k-65plus,2022,/Users/minamidaisuke/stats47/contents/prefecture-rank/long-term-care-medical-facility-count-per-100k-65plus/2022.mdx
prefecture-rank,low-birthweight-rate-per-1000-births,2022,/Users/minamidaisuke/stats47/contents/prefecture-rank/low-birthweight-rate-per-1000-births/2022.mdx
prefecture-rank,lowest-temperature,2023,/Users/minamidaisuke/stats47/contents/prefecture-rank/lowest-temperature/2023.mdx
prefecture-rank,mail-acceptance-count,2006,/Users/minamidaisuke/stats47/contents/prefecture-rank/mail-acceptance-count/2006.mdx
prefecture-rank,main-road-length-per-km2,2022,/Users/minamidaisuke/stats47/contents/prefecture-rank/main-road-length-per-km2/2022.mdx
prefecture-rank,main-road-paving-rate,2022,/Users/minamidaisuke/stats47/contents/prefecture-rank/main-road-paving-rate/2022.mdx
prefecture-rank,manufacturing-employees,2023,/Users/minamidaisuke/stats47/contents/prefecture-rank/manufacturing-employees/2023.mdx
prefecture-rank,manufacturing-establishments,2023,/Users/minamidaisuke/stats47/contents/prefecture-rank/manufacturing-establishments/2023.mdx
prefecture-rank,manufacturing-industry-added-value,2022,/Users/minamidaisuke/stats47/contents/prefecture-rank/manufacturing-industry-added-value/2022.mdx
prefecture-rank,manufacturing-shipment-amount,2022,/Users/minamidaisuke/stats47/contents/prefecture-rank/manufacturing-shipment-amount/2022.mdx
prefecture-rank,manufacturing-shipment-amount-per-employee,2022,/Users/minamidaisuke/stats47/contents/prefecture-rank/manufacturing-shipment-amount-per-employee/2022.mdx
prefecture-rank,manufacturing-shipment-amount-per-establishment,2022,/Users/minamidaisuke/stats47/contents/prefecture-rank/manufacturing-shipment-amount-per-establishment/2022.mdx
prefecture-rank,marriages,2022,/Users/minamidaisuke/stats47/contents/prefecture-rank/marriages/2022.mdx
prefecture-rank,marriages-per-total-population,2022,/Users/minamidaisuke/stats47/contents/prefecture-rank/marriages-per-total-population/2022.mdx
prefecture-rank,maternal-health-guidance-per-100-births,2022,/Users/minamidaisuke/stats47/contents/prefecture-rank/maternal-health-guidance-per-100-births/2022.mdx
prefecture-rank,maternal-mortality-rate-per-100k-births,2022,/Users/minamidaisuke/stats47/contents/prefecture-rank/maternal-mortality-rate-per-100k-births/2022.mdx
prefecture-rank,maximum-temperature,2023,/Users/minamidaisuke/stats47/contents/prefecture-rank/maximum-temperature/2023.mdx
prefecture-rank,media-avg-time-unemployed-female,2021,/Users/minamidaisuke/stats47/contents/prefecture-rank/media-avg-time-unemployed-female/2021.mdx
prefecture-rank,media-avg-time-unemployed-male,2021,/Users/minamidaisuke/stats47/contents/prefecture-rank/media-avg-time-unemployed-male/2021.mdx
prefecture-rank,median-age,2020,/Users/minamidaisuke/stats47/contents/prefecture-rank/median-age/2020.mdx
prefecture-rank,microwave-ownership-multi-person-households-per-1000,2014,/Users/minamidaisuke/stats47/contents/prefecture-rank/microwave-ownership-multi-person-households-per-1000/2014.mdx
prefecture-rank,mobile-phone-contract-count-per-1000,2022,/Users/minamidaisuke/stats47/contents/prefecture-rank/mobile-phone-contract-count-per-1000/2022.mdx
prefecture-rank,mobile-phone-ownership-multi-person-households-per-1000,2014,/Users/minamidaisuke/stats47/contents/prefecture-rank/mobile-phone-ownership-multi-person-households-per-1000/2014.mdx
prefecture-rank,moving-in-excess-rate,2023,/Users/minamidaisuke/stats47/contents/prefecture-rank/moving-in-excess-rate/2023.mdx
prefecture-rank,moving-in-rate,2023,/Users/minamidaisuke/stats47/contents/prefecture-rank/moving-in-rate/2023.mdx
prefecture-rank,moving-out-rate,2023,/Users/minamidaisuke/stats47/contents/prefecture-rank/moving-out-rate/2023.mdx
prefecture-rank,municipal-intellectual-disability-consultations-per-100k,2007,/Users/minamidaisuke/stats47/contents/prefecture-rank/municipal-intellectual-disability-consultations-per-100k/2007.mdx
prefecture-rank,municipal-road-paving-rate,2022,/Users/minamidaisuke/stats47/contents/prefecture-rank/municipal-road-paving-rate/2022.mdx
prefecture-rank,museum-count-per-million,2021,/Users/minamidaisuke/stats47/contents/prefecture-rank/museum-count-per-million/2021.mdx
prefecture-rank,national-health-insurance-enrollees-per-1000,2022,/Users/minamidaisuke/stats47/contents/prefecture-rank/national-health-insurance-enrollees-per-1000/2022.mdx
prefecture-rank,national-pension-enrollees-type1-per-1000-20-59,2021,/Users/minamidaisuke/stats47/contents/prefecture-rank/national-pension-enrollees-type1-per-1000-20-59/2021.mdx
prefecture-rank,national-pension-enrollees-type3-per-1000-20-59,2021,/Users/minamidaisuke/stats47/contents/prefecture-rank/national-pension-enrollees-type3-per-1000-20-59/2021.mdx
prefecture-rank,natural-environment-conservation-area,2023,/Users/minamidaisuke/stats47/contents/prefecture-rank/natural-environment-conservation-area/2023.mdx
prefecture-rank,natural-increase-rate,2022,/Users/minamidaisuke/stats47/contents/prefecture-rank/natural-increase-rate/2022.mdx
prefecture-rank,nature-park-area,2022,/Users/minamidaisuke/stats47/contents/prefecture-rank/nature-park-area/2022.mdx
prefecture-rank,nature-park-area-ratio,2022,/Users/minamidaisuke/stats47/contents/prefecture-rank/nature-park-area-ratio/2022.mdx
prefecture-rank,neighborhood-commercial-area-ratio,2022,/Users/minamidaisuke/stats47/contents/prefecture-rank/neighborhood-commercial-area-ratio/2022.mdx
prefecture-rank,neighborhood-park-count-per-100km2,2022,/Users/minamidaisuke/stats47/contents/prefecture-rank/neighborhood-park-count-per-100km2/2022.mdx
prefecture-rank,neonatal-mortality-rate-per-1000-births,2022,/Users/minamidaisuke/stats47/contents/prefecture-rank/neonatal-mortality-rate-per-1000-births/2022.mdx
prefecture-rank,net-decrease-rate-land-house-loans-worker-households,2023,/Users/minamidaisuke/stats47/contents/prefecture-rank/net-decrease-rate-land-house-loans-worker-households/2023.mdx
prefecture-rank,net-increase-rate-deposits-worker-households,2023,/Users/minamidaisuke/stats47/contents/prefecture-rank/net-increase-rate-deposits-worker-households/2023.mdx
prefecture-rank,new-housing-construction-ratio,2023,/Users/minamidaisuke/stats47/contents/prefecture-rank/new-housing-construction-ratio/2023.mdx
prefecture-rank,new-owner-occupied-housing-ratio,2023,/Users/minamidaisuke/stats47/contents/prefecture-rank/new-owner-occupied-housing-ratio/2023.mdx
prefecture-rank,new-rented-housing-ratio,2023,/Users/minamidaisuke/stats47/contents/prefecture-rank/new-rented-housing-ratio/2023.mdx
prefecture-rank,night-soil-treatment-population-ratio-2012on,2022,/Users/minamidaisuke/stats47/contents/prefecture-rank/night-soil-treatment-population-ratio-2012on/2022.mdx
prefecture-rank,non-labor-force-population,2020,/Users/minamidaisuke/stats47/contents/prefecture-rank/non-labor-force-population/2020.mdx
prefecture-rank,nuclear-family-households,2020,/Users/minamidaisuke/stats47/contents/prefecture-rank/nuclear-family-households/2020.mdx
prefecture-rank,nuclear-family-households-ratio,2020,/Users/minamidaisuke/stats47/contents/prefecture-rank/nuclear-family-households-ratio/2020.mdx
prefecture-rank,nurses-in-medical-facilities-per-100k,2022,/Users/minamidaisuke/stats47/contents/prefecture-rank/nurses-in-medical-facilities-per-100k/2022.mdx
prefecture-rank,nursing-home-count-per-100k-65plus,2022,/Users/minamidaisuke/stats47/contents/prefecture-rank/nursing-home-count-per-100k-65plus/2022.mdx
prefecture-rank,nursing-home-staff-per-100k-65plus,2022,/Users/minamidaisuke/stats47/contents/prefecture-rank/nursing-home-staff-per-100k-65plus/2022.mdx
prefecture-rank,nursing-welfare-facility-count-per-100k-65plus,2022,/Users/minamidaisuke/stats47/contents/prefecture-rank/nursing-welfare-facility-count-per-100k-65plus/2022.mdx
prefecture-rank,occupational-accident-frequency-rate,2022,/Users/minamidaisuke/stats47/contents/prefecture-rank/occupational-accident-frequency-rate/2022.mdx
prefecture-rank,occupational-accident-severity-rate,2022,/Users/minamidaisuke/stats47/contents/prefecture-rank/occupational-accident-severity-rate/2022.mdx
prefecture-rank,old-population,2023,/Users/minamidaisuke/stats47/contents/prefecture-rank/old-population/2023.mdx
prefecture-rank,old-population-index,2022,/Users/minamidaisuke/stats47/contents/prefecture-rank/old-population-index/2022.mdx
prefecture-rank,old-population-ratio,2023,/Users/minamidaisuke/stats47/contents/prefecture-rank/old-population-ratio/2023.mdx
prefecture-rank,other-consumption-expenditure-ratio-multi-person-households,2023,/Users/minamidaisuke/stats47/contents/prefecture-rank/other-consumption-expenditure-ratio-multi-person-households/2023.mdx
prefecture-rank,outflow-population-ratio,2020,/Users/minamidaisuke/stats47/contents/prefecture-rank/outflow-population-ratio/2020.mdx
prefecture-rank,outpatient-rate-per-1000,2022,/Users/minamidaisuke/stats47/contents/prefecture-rank/outpatient-rate-per-1000/2022.mdx
prefecture-rank,overseas-travel-annual-participation-rate-10plus,2021,/Users/minamidaisuke/stats47/contents/prefecture-rank/overseas-travel-annual-participation-rate-10plus/2021.mdx
prefecture-rank,overseas-travel-annual-participation-rate-15plus,2001,/Users/minamidaisuke/stats47/contents/prefecture-rank/overseas-travel-annual-participation-rate-15plus/2001.mdx
prefecture-rank,owner-occupied-housing-ratio,2023,/Users/minamidaisuke/stats47/contents/prefecture-rank/owner-occupied-housing-ratio/2023.mdx
prefecture-rank,paid-nursing-home-count-per-100k-65plus,2022,/Users/minamidaisuke/stats47/contents/prefecture-rank/paid-nursing-home-count-per-100k-65plus/2022.mdx
prefecture-rank,passport-issuance-count-per-thousand,2023,/Users/minamidaisuke/stats47/contents/prefecture-rank/passport-issuance-count-per-thousand/2023.mdx
prefecture-rank,pc-ownership-multi-person-households-per-1000,2014,/Users/minamidaisuke/stats47/contents/prefecture-rank/pc-ownership-multi-person-households-per-1000/2014.mdx
prefecture-rank,perinatal-mortality-rate-per-1000-births,2022,/Users/minamidaisuke/stats47/contents/prefecture-rank/perinatal-mortality-rate-per-1000-births/2022.mdx
prefecture-rank,persons-on-public-assistance-per-1000,2022,/Users/minamidaisuke/stats47/contents/prefecture-rank/persons-on-public-assistance-per-1000/2022.mdx
prefecture-rank,pharmaceutical-sales-count-per-100k,2022,/Users/minamidaisuke/stats47/contents/prefecture-rank/pharmaceutical-sales-count-per-100k/2022.mdx
prefecture-rank,pharmaceutical-sales-count-per-100km2,2022,/Users/minamidaisuke/stats47/contents/prefecture-rank/pharmaceutical-sales-count-per-100km2/2022.mdx
prefecture-rank,pharmacy-count-per-100k,2022,/Users/minamidaisuke/stats47/contents/prefecture-rank/pharmacy-count-per-100k/2022.mdx
prefecture-rank,pharmacy-count-per-100km2,2022,/Users/minamidaisuke/stats47/contents/prefecture-rank/pharmacy-count-per-100km2/2022.mdx
prefecture-rank,physical-disability-certificates-issued-per-1000,2022,/Users/minamidaisuke/stats47/contents/prefecture-rank/physical-disability-certificates-issued-per-1000/2022.mdx
prefecture-rank,physical-disability-rehabilitation-center-cases-per-1000,2022,/Users/minamidaisuke/stats47/contents/prefecture-rank/physical-disability-rehabilitation-center-cases-per-1000/2022.mdx
prefecture-rank,physical-disability-rehabilitation-facility-count-per-1m,2011,/Users/minamidaisuke/stats47/contents/prefecture-rank/physical-disability-rehabilitation-facility-count-per-1m/2011.mdx
prefecture-rank,physical-disability-rehabilitation-facility-staff-per-100k,2011,/Users/minamidaisuke/stats47/contents/prefecture-rank/physical-disability-rehabilitation-facility-staff-per-100k/2011.mdx
prefecture-rank,physicians-in-medical-facilities-per-100k,2022,/Users/minamidaisuke/stats47/contents/prefecture-rank/physicians-in-medical-facilities-per-100k/2022.mdx
prefecture-rank,piano-ownership-multi-person-households-per-1000,2014,/Users/minamidaisuke/stats47/contents/prefecture-rank/piano-ownership-multi-person-households-per-1000/2014.mdx
prefecture-rank,planned-construction-cost-per-m2,2023,/Users/minamidaisuke/stats47/contents/prefecture-rank/planned-construction-cost-per-m2/2023.mdx
prefecture-rank,police-officer-count,2023,/Users/minamidaisuke/stats47/contents/prefecture-rank/police-officer-count/2023.mdx
prefecture-rank,police-officer-count-per-population,2023,/Users/minamidaisuke/stats47/contents/prefecture-rank/police-officer-count-per-population/2023.mdx
prefecture-rank,pollution-complaints-received-per-100k,2022,/Users/minamidaisuke/stats47/contents/prefecture-rank/pollution-complaints-received-per-100k/2022.mdx
prefecture-rank,population-density-per-km2-total-area,2023,/Users/minamidaisuke/stats47/contents/prefecture-rank/population-density-per-km2-total-area/2023.mdx
prefecture-rank,population-growth-rate,2023,/Users/minamidaisuke/stats47/contents/prefecture-rank/population-growth-rate/2023.mdx
prefecture-rank,post-office-count-per-100km2,2023,/Users/minamidaisuke/stats47/contents/prefecture-rank/post-office-count-per-100km2/2023.mdx
prefecture-rank,power-demand-amount,2022,/Users/minamidaisuke/stats47/contents/prefecture-rank/power-demand-amount/2022.mdx
prefecture-rank,prefectural-general-administration-staff,2023,/Users/minamidaisuke/stats47/contents/prefecture-rank/prefectural-general-administration-staff/2023.mdx
prefecture-rank,primary-activity-avg-time-female,2021,/Users/minamidaisuke/stats47/contents/prefecture-rank/primary-activity-avg-time-female/2021.mdx
prefecture-rank,primary-activity-avg-time-male,2021,/Users/minamidaisuke/stats47/contents/prefecture-rank/primary-activity-avg-time-male/2021.mdx
prefecture-rank,private-auto-insurance-new-contract-count,2022,/Users/minamidaisuke/stats47/contents/prefecture-rank/private-auto-insurance-new-contract-count/2022.mdx
prefecture-rank,private-auto-insurance-new-contract-payment-amount,2022,/Users/minamidaisuke/stats47/contents/prefecture-rank/private-auto-insurance-new-contract-payment-amount/2022.mdx
prefecture-rank,private-auto-insurance-new-contract-payment-count,2022,/Users/minamidaisuke/stats47/contents/prefecture-rank/private-auto-insurance-new-contract-payment-count/2022.mdx
prefecture-rank,private-auto-insurance-new-contract-premium,2022,/Users/minamidaisuke/stats47/contents/prefecture-rank/private-auto-insurance-new-contract-premium/2022.mdx
prefecture-rank,private-auto-insurance-payment-amount,2022,/Users/minamidaisuke/stats47/contents/prefecture-rank/private-auto-insurance-payment-amount/2022.mdx
prefecture-rank,private-auto-insurance-payment-count,2022,/Users/minamidaisuke/stats47/contents/prefecture-rank/private-auto-insurance-payment-count/2022.mdx
prefecture-rank,private-auto-insurance-penetration-rate-vehicle,2022,/Users/minamidaisuke/stats47/contents/prefecture-rank/private-auto-insurance-penetration-rate-vehicle/2022.mdx
prefecture-rank,private-life-insurance-amount-per-contract,2023,/Users/minamidaisuke/stats47/contents/prefecture-rank/private-life-insurance-amount-per-contract/2023.mdx
prefecture-rank,private-life-insurance-contract-amount-per-household,2023,/Users/minamidaisuke/stats47/contents/prefecture-rank/private-life-insurance-contract-amount-per-household/2023.mdx
prefecture-rank,private-life-insurance-contracts-per-1000,2023,/Users/minamidaisuke/stats47/contents/prefecture-rank/private-life-insurance-contracts-per-1000/2023.mdx
prefecture-rank,private-rental-housing-rent-per-3-3m2,2023,/Users/minamidaisuke/stats47/contents/prefecture-rank/private-rental-housing-rent-per-3-3m2/2023.mdx
prefecture-rank,private-rented-housing-ratio,2023,/Users/minamidaisuke/stats47/contents/prefecture-rank/private-rented-housing-ratio/2023.mdx
prefecture-rank,production-age-population,2023,/Users/minamidaisuke/stats47/contents/prefecture-rank/production-age-population/2023.mdx
prefecture-rank,production-age-population-ratio,2023,/Users/minamidaisuke/stats47/contents/prefecture-rank/production-age-population-ratio/2023.mdx
prefecture-rank,prostitution-crime-arrest-count,2022,/Users/minamidaisuke/stats47/contents/prefecture-rank/prostitution-crime-arrest-count/2022.mdx
prefecture-rank,prostitution-crime-arrest-person,2022,/Users/minamidaisuke/stats47/contents/prefecture-rank/prostitution-crime-arrest-person/2022.mdx
prefecture-rank,psychiatric-bed-count-per-100k,2022,/Users/minamidaisuke/stats47/contents/prefecture-rank/psychiatric-bed-count-per-100k/2022.mdx
prefecture-rank,psychiatric-hospital-count-per-100k,2022,/Users/minamidaisuke/stats47/contents/prefecture-rank/psychiatric-hospital-count-per-100k/2022.mdx
prefecture-rank,public-assistance-education-beneficiaries-per-1000,2022,/Users/minamidaisuke/stats47/contents/prefecture-rank/public-assistance-education-beneficiaries-per-1000/2022.mdx
prefecture-rank,public-assistance-facility-capacity-per-1000,2022,/Users/minamidaisuke/stats47/contents/prefecture-rank/public-assistance-facility-capacity-per-1000/2022.mdx
prefecture-rank,public-assistance-housing-beneficiaries-per-1000,2022,/Users/minamidaisuke/stats47/contents/prefecture-rank/public-assistance-housing-beneficiaries-per-1000/2022.mdx
prefecture-rank,public-assistance-medical-beneficiaries-per-1000,2022,/Users/minamidaisuke/stats47/contents/prefecture-rank/public-assistance-medical-beneficiaries-per-1000/2022.mdx
prefecture-rank,public-assistance-nursing-beneficiaries-per-1000,2022,/Users/minamidaisuke/stats47/contents/prefecture-rank/public-assistance-nursing-beneficiaries-per-1000/2022.mdx
prefecture-rank,public-bath-count-per-100k,2022,/Users/minamidaisuke/stats47/contents/prefecture-rank/public-bath-count-per-100k/2022.mdx
prefecture-rank,public-gymnasium-count-per-million,2021,/Users/minamidaisuke/stats47/contents/prefecture-rank/public-gymnasium-count-per-million/2021.mdx
prefecture-rank,public-hall-count-per-million,2021,/Users/minamidaisuke/stats47/contents/prefecture-rank/public-hall-count-per-million/2021.mdx
prefecture-rank,public-harm-complaint-handling-count,2022,/Users/minamidaisuke/stats47/contents/prefecture-rank/public-harm-complaint-handling-count/2022.mdx
prefecture-rank,public-health-nurse-count-per-100k,2022,/Users/minamidaisuke/stats47/contents/prefecture-rank/public-health-nurse-count-per-100k/2022.mdx
prefecture-rank,public-multipurpose-sports-ground-count-per-million,2021,/Users/minamidaisuke/stats47/contents/prefecture-rank/public-multipurpose-sports-ground-count-per-million/2021.mdx
prefecture-rank,public-phone-count-per-1000,2023,/Users/minamidaisuke/stats47/contents/prefecture-rank/public-phone-count-per-1000/2023.mdx
prefecture-rank,public-rental-housing-rent-per-3-3m2,2014,/Users/minamidaisuke/stats47/contents/prefecture-rank/public-rental-housing-rent-per-3-3m2/2014.mdx
prefecture-rank,public-swimming-pool-count-per-million,2021,/Users/minamidaisuke/stats47/contents/prefecture-rank/public-swimming-pool-count-per-million/2021.mdx
prefecture-rank,real-balance-ratio,2021,/Users/minamidaisuke/stats47/contents/prefecture-rank/real-balance-ratio/2021.mdx
prefecture-rank,real-public-debt-service-ratio,2021,/Users/minamidaisuke/stats47/contents/prefecture-rank/real-public-debt-service-ratio/2021.mdx
prefecture-rank,rented-housing-ratio,2023,/Users/minamidaisuke/stats47/contents/prefecture-rank/rented-housing-ratio/2023.mdx
prefecture-rank,residential-and-mixed-area-ratio,2022,/Users/minamidaisuke/stats47/contents/prefecture-rank/residential-and-mixed-area-ratio/2022.mdx
prefecture-rank,residential-area-ratio,2022,/Users/minamidaisuke/stats47/contents/prefecture-rank/residential-area-ratio/2022.mdx
prefecture-rank,residential-telephone-subscription-count-per-1000,2023,/Users/minamidaisuke/stats47/contents/prefecture-rank/residential-telephone-subscription-count-per-1000/2023.mdx
prefecture-rank,restaurant-count-per-1000,2006,/Users/minamidaisuke/stats47/contents/prefecture-rank/restaurant-count-per-1000/2006.mdx
prefecture-rank,restaurant-count-per-1000-alt,2021,/Users/minamidaisuke/stats47/contents/prefecture-rank/restaurant-count-per-1000-alt/2021.mdx
prefecture-rank,retail-store-count-per-1000,2006,/Users/minamidaisuke/stats47/contents/prefecture-rank/retail-store-count-per-1000/2006.mdx
prefecture-rank,retail-store-count-per-1000-alt,2021,/Users/minamidaisuke/stats47/contents/prefecture-rank/retail-store-count-per-1000-alt/2021.mdx
prefecture-rank,road-length-per-km2,2022,/Users/minamidaisuke/stats47/contents/prefecture-rank/road-length-per-km2/2022.mdx
prefecture-rank,road-traffic-accident-count,2022,/Users/minamidaisuke/stats47/contents/prefecture-rank/road-traffic-accident-count/2022.mdx
prefecture-rank,road-traffic-accident-juvenile-count,2022,/Users/minamidaisuke/stats47/contents/prefecture-rank/road-traffic-accident-juvenile-count/2022.mdx
prefecture-rank,road-traffic-accident-person,2022,/Users/minamidaisuke/stats47/contents/prefecture-rank/road-traffic-accident-person/2022.mdx
prefecture-rank,road-traffic-law-violation-arrest-count,2022,/Users/minamidaisuke/stats47/contents/prefecture-rank/road-traffic-law-violation-arrest-count/2022.mdx
prefecture-rank,road-traffic-law-violation-arrest-count-per-population,2022,/Users/minamidaisuke/stats47/contents/prefecture-rank/road-traffic-law-violation-arrest-count-per-population/2022.mdx
prefecture-rank,room-aircon-ownership-multi-person-households-per-1000,2014,/Users/minamidaisuke/stats47/contents/prefecture-rank/room-aircon-ownership-multi-person-households-per-1000/2014.mdx
prefecture-rank,room-occupancy-rate,2023,/Users/minamidaisuke/stats47/contents/prefecture-rank/room-occupancy-rate/2023.mdx
prefecture-rank,rooms-per-dwelling,2023,/Users/minamidaisuke/stats47/contents/prefecture-rank/rooms-per-dwelling/2023.mdx
prefecture-rank,row-house-ratio,2023,/Users/minamidaisuke/stats47/contents/prefecture-rank/row-house-ratio/2023.mdx
prefecture-rank,secondary-activity-avg-time-employed-female,2021,/Users/minamidaisuke/stats47/contents/prefecture-rank/secondary-activity-avg-time-employed-female/2021.mdx
prefecture-rank,secondary-activity-avg-time-employed-male,2021,/Users/minamidaisuke/stats47/contents/prefecture-rank/secondary-activity-avg-time-employed-male/2021.mdx
prefecture-rank,secondary-activity-avg-time-unemployed-female,2021,/Users/minamidaisuke/stats47/contents/prefecture-rank/secondary-activity-avg-time-unemployed-female/2021.mdx
prefecture-rank,secondary-activity-avg-time-unemployed-male,2021,/Users/minamidaisuke/stats47/contents/prefecture-rank/secondary-activity-avg-time-unemployed-male/2021.mdx
prefecture-rank,self-financing-ratio,2021,/Users/minamidaisuke/stats47/contents/prefecture-rank/self-financing-ratio/2021.mdx
prefecture-rank,self-service-store-count-per-100k,2014,/Users/minamidaisuke/stats47/contents/prefecture-rank/self-service-store-count-per-100k/2014.mdx
prefecture-rank,senior-recreation-home-count-per-100k-65plus,2009,/Users/minamidaisuke/stats47/contents/prefecture-rank/senior-recreation-home-count-per-100k-65plus/2009.mdx
prefecture-rank,senior-recreation-home-staff-per-100k-65plus,2009,/Users/minamidaisuke/stats47/contents/prefecture-rank/senior-recreation-home-staff-per-100k-65plus/2009.mdx
prefecture-rank,senior-welfare-center-count-per-100k-65plus,2017,/Users/minamidaisuke/stats47/contents/prefecture-rank/senior-welfare-center-count-per-100k-65plus/2017.mdx
prefecture-rank,senior-welfare-center-staff-per-100k-65plus,2017,/Users/minamidaisuke/stats47/contents/prefecture-rank/senior-welfare-center-staff-per-100k-65plus/2017.mdx
prefecture-rank,sewerage-penetration-rate-2012on,2021,/Users/minamidaisuke/stats47/contents/prefecture-rank/sewerage-penetration-rate-2012on/2021.mdx
prefecture-rank,simple-life-insurance-contract-amount,2006,/Users/minamidaisuke/stats47/contents/prefecture-rank/simple-life-insurance-contract-amount/2006.mdx
prefecture-rank,simple-life-insurance-contract-amount-per-contract,2006,/Users/minamidaisuke/stats47/contents/prefecture-rank/simple-life-insurance-contract-amount-per-contract/2006.mdx
prefecture-rank,simple-life-insurance-contract-count,2006,/Users/minamidaisuke/stats47/contents/prefecture-rank/simple-life-insurance-contract-count/2006.mdx
prefecture-rank,simple-life-insurance-contract-count-per-population,2006,/Users/minamidaisuke/stats47/contents/prefecture-rank/simple-life-insurance-contract-count-per-population/2006.mdx
prefecture-rank,single-father-households,2020,/Users/minamidaisuke/stats47/contents/prefecture-rank/single-father-households/2020.mdx
prefecture-rank,single-mother-households,2020,/Users/minamidaisuke/stats47/contents/prefecture-rank/single-mother-households/2020.mdx
prefecture-rank,site-area-per-dwelling,2018,/Users/minamidaisuke/stats47/contents/prefecture-rank/site-area-per-dwelling/2018.mdx
prefecture-rank,smartphone-ownership-multi-person-households-per-1000,2014,/Users/minamidaisuke/stats47/contents/prefecture-rank/smartphone-ownership-multi-person-households-per-1000/2014.mdx
prefecture-rank,smoke-emitting-facility-count,2022,/Users/minamidaisuke/stats47/contents/prefecture-rank/smoke-emitting-facility-count/2022.mdx
prefecture-rank,social-increase,2023,/Users/minamidaisuke/stats47/contents/prefecture-rank/social-increase/2023.mdx
prefecture-rank,social-increase-rate,2019,/Users/minamidaisuke/stats47/contents/prefecture-rank/social-increase-rate/2019.mdx
prefecture-rank,special-law-criminal-arrest-person,2022,/Users/minamidaisuke/stats47/contents/prefecture-rank/special-law-criminal-arrest-person/2022.mdx
prefecture-rank,specific-business-sites-under-water-pollution-control-act,2022,/Users/minamidaisuke/stats47/contents/prefecture-rank/specific-business-sites-under-water-pollution-control-act/2022.mdx
prefecture-rank,sports-annual-participation-rate-10plus,2021,/Users/minamidaisuke/stats47/contents/prefecture-rank/sports-annual-participation-rate-10plus/2021.mdx
prefecture-rank,standard-fiscal-expenditure,2021,/Users/minamidaisuke/stats47/contents/prefecture-rank/standard-fiscal-expenditure/2021.mdx
prefecture-rank,standard-fiscal-revenue,2021,/Users/minamidaisuke/stats47/contents/prefecture-rank/standard-fiscal-revenue/2021.mdx
prefecture-rank,standard-price-change-rate-commercial,2023,/Users/minamidaisuke/stats47/contents/prefecture-rank/standard-price-change-rate-commercial/2023.mdx
prefecture-rank,standard-price-change-rate-industrial,2023,/Users/minamidaisuke/stats47/contents/prefecture-rank/standard-price-change-rate-industrial/2023.mdx
prefecture-rank,standard-price-change-rate-residential,2023,/Users/minamidaisuke/stats47/contents/prefecture-rank/standard-price-change-rate-residential/2023.mdx
prefecture-rank,standardized-mortality-rate-per-1000,2020,/Users/minamidaisuke/stats47/contents/prefecture-rank/standardized-mortality-rate-per-1000/2020.mdx
prefecture-rank,stereo-cd-md-radio-ownership-multi-person-households-per-1000,2009,/Users/minamidaisuke/stats47/contents/prefecture-rank/stereo-cd-md-radio-ownership-multi-person-households-per-1000/2009.mdx
prefecture-rank,stillbirth-rate,2022,/Users/minamidaisuke/stats47/contents/prefecture-rank/stillbirth-rate/2022.mdx
prefecture-rank,suicides-per-100k,2022,/Users/minamidaisuke/stats47/contents/prefecture-rank/suicides-per-100k/2022.mdx
prefecture-rank,tablet-ownership-multi-person-households-per-1000,2014,/Users/minamidaisuke/stats47/contents/prefecture-rank/tablet-ownership-multi-person-households-per-1000/2014.mdx
prefecture-rank,telephone-subscription-count-per-1000,2023,/Users/minamidaisuke/stats47/contents/prefecture-rank/telephone-subscription-count-per-1000/2023.mdx
prefecture-rank,tertiary-activity-avg-time-employed-female,2021,/Users/minamidaisuke/stats47/contents/prefecture-rank/tertiary-activity-avg-time-employed-female/2021.mdx
prefecture-rank,tertiary-activity-avg-time-employed-male,2021,/Users/minamidaisuke/stats47/contents/prefecture-rank/tertiary-activity-avg-time-employed-male/2021.mdx
prefecture-rank,tertiary-activity-avg-time-unemployed-female,2021,/Users/minamidaisuke/stats47/contents/prefecture-rank/tertiary-activity-avg-time-unemployed-female/2021.mdx
prefecture-rank,tertiary-activity-avg-time-unemployed-male,2021,/Users/minamidaisuke/stats47/contents/prefecture-rank/tertiary-activity-avg-time-unemployed-male/2021.mdx
prefecture-rank,theft-criminal-arrest-rate,2022,/Users/minamidaisuke/stats47/contents/prefecture-rank/theft-criminal-arrest-rate/2022.mdx
prefecture-rank,theft-offenses-recognized-per-1000,2022,/Users/minamidaisuke/stats47/contents/prefecture-rank/theft-offenses-recognized-per-1000/2022.mdx
prefecture-rank,total-area,2023,/Users/minamidaisuke/stats47/contents/prefecture-rank/total-area/2023.mdx
prefecture-rank,total-assessed-land-area,2022,/Users/minamidaisuke/stats47/contents/prefecture-rank/total-assessed-land-area/2022.mdx
prefecture-rank,total-assessed-land-area-ratio,2022,/Users/minamidaisuke/stats47/contents/prefecture-rank/total-assessed-land-area-ratio/2022.mdx
prefecture-rank,total-farm-household-income,2003,/Users/minamidaisuke/stats47/contents/prefecture-rank/total-farm-household-income/2003.mdx
prefecture-rank,total-fertility-rate,2022,/Users/minamidaisuke/stats47/contents/prefecture-rank/total-fertility-rate/2022.mdx
prefecture-rank,total-population,2023,/Users/minamidaisuke/stats47/contents/prefecture-rank/total-population/2023.mdx
prefecture-rank,total-production-in-the-prefecture,2020,/Users/minamidaisuke/stats47/contents/prefecture-rank/total-production-in-the-prefecture/2020.mdx
prefecture-rank,traffic-accident-casualties,2023,/Users/minamidaisuke/stats47/contents/prefecture-rank/traffic-accident-casualties/2023.mdx
prefecture-rank,traffic-accident-casualties-per-100-accidents,2023,/Users/minamidaisuke/stats47/contents/prefecture-rank/traffic-accident-casualties-per-100-accidents/2023.mdx
prefecture-rank,traffic-accident-casualties-per-population,2023,/Users/minamidaisuke/stats47/contents/prefecture-rank/traffic-accident-casualties-per-population/2023.mdx
prefecture-rank,traffic-accident-count-per-1000-km,2022,/Users/minamidaisuke/stats47/contents/prefecture-rank/traffic-accident-count-per-1000-km/2022.mdx
prefecture-rank,traffic-accident-deaths-per-100-accidents,2023,/Users/minamidaisuke/stats47/contents/prefecture-rank/traffic-accident-deaths-per-100-accidents/2023.mdx
prefecture-rank,traffic-accident-deaths-per-100k,2023,/Users/minamidaisuke/stats47/contents/prefecture-rank/traffic-accident-deaths-per-100k/2023.mdx
prefecture-rank,traffic-accident-injuries-per-100k,2023,/Users/minamidaisuke/stats47/contents/prefecture-rank/traffic-accident-injuries-per-100k/2023.mdx
prefecture-rank,transport-communication-expenditure-ratio-multi-person-households,2023,/Users/minamidaisuke/stats47/contents/prefecture-rank/transport-communication-expenditure-ratio-multi-person-households/2023.mdx
prefecture-rank,travel-leisure-annual-participation-rate-10plus,2021,/Users/minamidaisuke/stats47/contents/prefecture-rank/travel-leisure-annual-participation-rate-10plus/2021.mdx
prefecture-rank,travel-leisure-annual-participation-rate-15plus,2001,/Users/minamidaisuke/stats47/contents/prefecture-rank/travel-leisure-annual-participation-rate-15plus/2001.mdx
prefecture-rank,unemployed-people-count,2020,/Users/minamidaisuke/stats47/contents/prefecture-rank/unemployed-people-count/2020.mdx
prefecture-rank,unemployment-rate,2020,/Users/minamidaisuke/stats47/contents/prefecture-rank/unemployment-rate/2020.mdx
prefecture-rank,unmarried-population-man,2020,/Users/minamidaisuke/stats47/contents/prefecture-rank/unmarried-population-man/2020.mdx
prefecture-rank,unmarried-population-woman,2020,/Users/minamidaisuke/stats47/contents/prefecture-rank/unmarried-population-woman/2020.mdx
prefecture-rank,urban-park-area-per-person,2022,/Users/minamidaisuke/stats47/contents/prefecture-rank/urban-park-area-per-person/2022.mdx
prefecture-rank,urban-park-count-per-100km2,2022,/Users/minamidaisuke/stats47/contents/prefecture-rank/urban-park-count-per-100km2/2022.mdx
prefecture-rank,urbanization-control-area-ratio,2022,/Users/minamidaisuke/stats47/contents/prefecture-rank/urbanization-control-area-ratio/2022.mdx
prefecture-rank,utilities-expenditure-ratio-multi-person-households,2023,/Users/minamidaisuke/stats47/contents/prefecture-rank/utilities-expenditure-ratio-multi-person-households/2023.mdx
prefecture-rank,vacant-housing-ratio,2023,/Users/minamidaisuke/stats47/contents/prefecture-rank/vacant-housing-ratio/2023.mdx
prefecture-rank,vehicle-kilometers-traveled,2005,/Users/minamidaisuke/stats47/contents/prefecture-rank/vehicle-kilometers-traveled/2005.mdx
prefecture-rank,volunteer-activity-annual-participation-rate-10plus,2021,/Users/minamidaisuke/stats47/contents/prefecture-rank/volunteer-activity-annual-participation-rate-10plus/2021.mdx
prefecture-rank,volunteer-activity-annual-participation-rate-15plus,2021,/Users/minamidaisuke/stats47/contents/prefecture-rank/volunteer-activity-annual-participation-rate-15plus/2021.mdx
prefecture-rank,water-supply-population-ratio-2012on,2022,/Users/minamidaisuke/stats47/contents/prefecture-rank/water-supply-population-ratio-2012on/2022.mdx
prefecture-rank,welfare-commissioner-consultations-per-person,2022,/Users/minamidaisuke/stats47/contents/prefecture-rank/welfare-commissioner-consultations-per-person/2022.mdx
prefecture-rank,welfare-facilities-count-per-100k-on-assistance,2022,/Users/minamidaisuke/stats47/contents/prefecture-rank/welfare-facilities-count-per-100k-on-assistance/2022.mdx
prefecture-rank,welfare-facility-staff-per-1000-on-assistance,2022,/Users/minamidaisuke/stats47/contents/prefecture-rank/welfare-facility-staff-per-1000-on-assistance/2022.mdx
prefecture-rank,welfare-office-intellectual-disability-consultations-per-100k,2002,/Users/minamidaisuke/stats47/contents/prefecture-rank/welfare-office-intellectual-disability-consultations-per-100k/2002.mdx
prefecture-rank,work-avg-time-employed-female,2021,/Users/minamidaisuke/stats47/contents/prefecture-rank/work-avg-time-employed-female/2021.mdx
prefecture-rank,work-avg-time-employed-male,2021,/Users/minamidaisuke/stats47/contents/prefecture-rank/work-avg-time-employed-male/2021.mdx
prefecture-rank,workers-involved-in-industrial-action,2022,/Users/minamidaisuke/stats47/contents/prefecture-rank/workers-involved-in-industrial-action/2022.mdx
prefecture-rank,young-population,2023,/Users/minamidaisuke/stats47/contents/prefecture-rank/young-population/2023.mdx
prefecture-rank,young-population-index,2022,/Users/minamidaisuke/stats47/contents/prefecture-rank/young-population-index/2022.mdx
prefecture-rank,young-population-ratio,2023,/Users/minamidaisuke/stats47/contents/prefecture-rank/young-population-ratio/2023.mdx
prefecture-rank,youth-class-lecture-count-per-million,2020,/Users/minamidaisuke/stats47/contents/prefecture-rank/youth-class-lecture-count-per-million/2020.mdx
prefecture-rank,youth-education-facility-count-per-million,2021,/Users/minamidaisuke/stats47/contents/prefecture-rank/youth-education-facility-count-per-million/2021.mdx