URL,前回のクロール
https://stats47.jp/ranking/ssdse-f-vapor-pressure,2026-04-14
https://stats47.jp/ranking/ssdse-c-lb013002,2026-04-13
https://stats47.jp/ranking/other-charges-consumption-expenditure,2026-04-11
https://stats47.jp/blog/construction,2026-04-09
https://stats47.jp/areas/14130,2026-04-09
https://stats47.jp/dashboard/14130/dashboard/00000,2026-04-09
https://stats47.jp/administrativefinancial/investment/dashboard/00000,2026-04-09
https://stats47.jp/areas/00000,2026-04-09
https://stats47.jp/areas/05464,2026-04-09
https://stats47.jp/areas/01104,2026-04-09
https://stats47.jp/dashboard/01104/administrativefinancial/fiscal-indicators,2026-04-09
https://stats47.jp/areas/01106,2026-04-09
https://stats47.jp/areas/04100,2026-04-09
https://stats47.jp/areas/14100,2026-04-09
https://stats47.jp/areas/27100,2026-04-09
https://stats47.jp/areas/02424,2026-04-09
https://stats47.jp/areas/12203,2026-04-09
https://stats47.jp/areas/23100,2026-04-08
https://stats47.jp/socialsecurity/medical-facilities/dashboard/00000,2026-04-07
https://stats47.jp/ranking/ssdse-c-lb091005,2026-04-06
https://stats47.jp/administrativefinancial/fiscal-indicators/dashboard/03485,2026-04-06
https://stats47.jp/areas/03485,2026-04-06
https://stats47.jp/administrativefinancial/fiscal-indicators/dashboard/01213,2026-04-06
https://stats47.jp/areas/01213,2026-04-06
https://stats47.jp/construction/housing-statistics/dashboard/00000,2026-04-06
https://stats47.jp/laborwage/labor-force-structure/dashboard/00000,2026-04-05
https://stats47.jp/population/basic-population/dashboard/14100,2026-04-05
https://stats47.jp/commercial/basic-population/dashboard/00000,2026-04-04
https://stats47.jp/areas/13100,2026-04-04
https://stats47.jp/dashboard/00000/dashboard/23100,2026-04-03
https://stats47.jp/ranking/barber-beautician-annual-income,2026-04-03
https://stats47.jp/ranking/public-health-nurse-annual-income,2026-04-03
https://stats47.jp/administrativefinancial/fiscal-indicators/dashboard/14150,2026-04-02
https://stats47.jp/areas/14150,2026-04-02
https://stats47.jp/ranking/high-school-teacher-annual-income,2026-04-02
https://stats47.jp/socialsecurity/health-care/dashboard/00000,2026-04-02
https://stats47.jp/ranking/nursery-teacher-annual-income,2026-04-02
https://stats47.jp/socialsecurity/social-security-indicators/dashboard/00000,2026-04-02
https://stats47.jp/safetyenvironment/fire-insurance/dashboard/00000,2026-04-01
https://stats47.jp/educationsports/educational-attainment/dashboard/27100,2026-03-31
https://stats47.jp/areas/28100,2026-03-31
https://stats47.jp/educationsports/educational-attainment/dashboard/28100,2026-03-31
https://stats47.jp/areas/01100,2026-03-31
https://stats47.jp/educationsports/educational-attainment/dashboard/01100,2026-03-31
https://stats47.jp/areas/34100,2026-03-31
https://stats47.jp/educationsports/educational-attainment/dashboard/34100,2026-03-31
https://stats47.jp/infrastructure/roads/dashboard/00000,2026-03-30
https://stats47.jp/safetyenvironment/traffic-accidents/dashboard/00000,2026-03-30
https://stats47.jp/areas/12100,2026-03-28
https://stats47.jp/population/basic-population/dashboard/12100,2026-03-28
https://stats47.jp/population/population-movement/dashboard/00000,2026-03-28
https://stats47.jp/agriculture/forestry/dashboard/00000,2026-03-28
https://stats47.jp/educationsports/educational-attainment/dashboard/23100,2026-03-26
https://stats47.jp/ranking/agricultural-output-city,2026-03-26
https://stats47.jp/areas/40130,2026-03-25
https://stats47.jp/educationsports/educational-attainment/dashboard/40130,2026-03-25
https://stats47.jp/commercial/commercial-facilities/dashboard/00000,2026-03-25
https://stats47.jp/areas/12207,2026-03-25
https://stats47.jp/population/commuting-school/dashboard/12207,2026-03-25
https://stats47.jp/administrativefinancial/expenditure/dashboard/00000,2026-03-25
https://stats47.jp/educationsports/kindergarten/dashboard/00000,2026-03-25
https://stats47.jp/areas/02201,2026-03-24
https://stats47.jp/educationsports/high-school/dashboard/02201,2026-03-24
https://stats47.jp/laborwage/labor-disputes/dashboard/00000,2026-03-24
https://stats47.jp/areas/11203,2026-03-24
https://stats47.jp/dashboard/11203/population/commuting-school,2026-03-24
https://stats47.jp/educationsports/junior-high-school/dashboard/00000,2026-03-23
https://stats47.jp/areas/01103,2026-03-23
https://stats47.jp/population/birth-death/dashboard/14100,2026-03-23
https://stats47.jp/ranking/ssdse-d-md31,2026-03-22
https://stats47.jp/socialsecurity/life-expectancy/dashboard/00000,2026-03-22
https://stats47.jp/areas/14118,2026-03-22
https://stats47.jp/blog/tags/公務員,2026-03-22
https://stats47.jp/blog/tags/健康格差,2026-03-22
https://stats47.jp/ranking/ssdse-c-lb121201,2026-03-22
https://stats47.jp/laborwage/labor-force-structure/dashboard/28100,2026-03-22
https://stats47.jp/ranking/ssdse-c-lb021104,2026-03-22
https://stats47.jp/blog/tags/災害統計,2026-03-22
https://stats47.jp/tag/災害統計,2026-03-22
https://stats47.jp/blog/tags/自然環境保全,2026-03-22
https://stats47.jp/tag/雇用環境,2026-03-22
https://stats47.jp/areas/01102,2026-03-22
https://stats47.jp/population/population-movement/dashboard/01102,2026-03-22
https://stats47.jp/tag/製造業,2026-03-22
https://stats47.jp/tag/二人以上の世帯,2026-03-21
https://stats47.jp/tag/消火栓,2026-03-21
https://stats47.jp/tag/自動車産業,2026-03-21
https://stats47.jp/tag/食文化,2026-03-21
https://stats47.jp/blog/tags/最低気温,2026-03-21
https://stats47.jp/tag/最低気温,2026-03-21
https://stats47.jp/tag/労働時間,2026-03-20
https://stats47.jp/international/foreign-population/dashboard/00000,2026-03-20
https://stats47.jp/tag/保有契約件数,2026-03-20
https://stats47.jp/ranking/ssdse-d-mf0211,2026-03-20
https://stats47.jp/economy/gross-product-economic-indicators/dashboard/00000,2026-03-20
https://stats47.jp/ranking/ssdse-d-md33,2026-03-20
https://stats47.jp/ranking/ssdse-d-mg09,2026-03-20
https://stats47.jp/ranking/ssdse-f-wind-over-10,2026-03-20
https://stats47.jp/ranking/ssdse-f-avg-temp-under-0,2026-03-20
https://stats47.jp/ranking/ssdse-f-snow-depth-over-5,2026-03-20
https://stats47.jp/ranking/ssdse-c-lb052003,2026-03-20
https://stats47.jp/ranking/ssdse-c-lb024001,2026-03-20
https://stats47.jp/ranking/ssdse-c-lb061011,2026-03-20
https://stats47.jp/ranking/ssdse-c-lb103001,2026-03-20
https://stats47.jp/ranking/ssdse-c-lb121107,2026-03-20
https://stats47.jp/ranking/ssdse-c-lb092004,2026-03-20
https://stats47.jp/ranking/unmarried-ratio-male-20-24,2026-03-20
https://stats47.jp/ranking/ssdse-d-mg07,2026-03-20
https://stats47.jp/ranking/ssdse-c-lb014002,2026-03-20
https://stats47.jp/ranking/ssdse-c-lb072014,2026-03-20
https://stats47.jp/ranking/ssdse-c-lb080012,2026-03-20
https://stats47.jp/ranking/ssdse-c-lb051303,2026-03-20
https://stats47.jp/ranking/unmarried-ratio-female-20-24,2026-03-20
https://stats47.jp/ranking/ssdse-d-md03,2026-03-20
https://stats47.jp/ranking/ssdse-f-snow-depth-over-10,2026-03-20
https://stats47.jp/blog/tags/妊産婦死亡率,2026-03-18
https://stats47.jp/miningindustry/industrial-production/dashboard/00000,2026-03-18
https://stats47.jp/search?q=%7Bsearch_term_string%7D,2026-03-13
https://stats47.jp/dashboard/basic-population/40000,2026-02-23
https://stats47.jp/dashboard/marriage/27000,2026-02-23
https://stats47.jp/dashboard/fishery/31000,2026-02-23
https://stats47.jp/dashboard/20000/00000,2026-02-23
https://stats47.jp/dashboard/marriage/01000,2026-02-23
https://stats47.jp/dashboard/population-composition/25000,2026-02-23
https://stats47.jp/dashboard/traffic-accidents/20000,2026-02-23
https://stats47.jp/dashboard/labor-disputes/08000,2026-02-23
https://stats47.jp/dashboard/industrial-production/34000,2026-02-23
https://stats47.jp/dashboard/pharmacies/19000,2026-02-23
https://stats47.jp/dashboard/life-expectancy/24000,2026-02-23
https://stats47.jp/dashboard/revenue/23000,2026-02-23
https://stats47.jp/dashboard/agricultural-household-economy/00000,2026-02-23
https://stats47.jp/dashboard/construction-manufacturing/06000,2026-02-23
https://stats47.jp/dashboard/basic-population/11000,2026-02-23
https://stats47.jp/dashboard/population-composition/45000,2026-02-23
https://stats47.jp/dashboard/foreign-population/44000,2026-02-23
https://stats47.jp/dashboard/basic-population/41000,2026-02-23
https://stats47.jp/dashboard/tax-revenue/18000,2026-02-23
https://stats47.jp/dashboard/tax-revenue/35000,2026-02-23
https://stats47.jp/dashboard/marriage/09000,2026-02-23
https://stats47.jp/dashboard/population-movement/07000,2026-02-23
https://stats47.jp/dashboard/birth-death/05000,2026-02-23
https://stats47.jp/dashboard/basic-population/17000,2026-02-23
https://stats47.jp/dashboard/land-use/05000,2026-02-23
https://stats47.jp/landweather/land-use/dashboard/05000,2026-02-23
https://stats47.jp/dashboard/death-statistics/39000,2026-02-23
https://stats47.jp/dashboard/commerce-service-industry/03000,2026-02-23
https://stats47.jp/dashboard/agricultural-household/10000,2026-02-23
https://stats47.jp/dashboard/agricultural-household-economy/16000,2026-02-23
https://stats47.jp/dashboard/housing-ownership/23000,2026-02-23
https://stats47.jp/dashboard/public-assistance-welfare/01000,2026-02-23
https://stats47.jp/dashboard/expenditure/21000,2026-02-23
https://stats47.jp/dashboard/roads/22000,2026-02-23
https://stats47.jp/dashboard/death-statistics/02000,2026-02-23
https://stats47.jp/dashboard/population-composition/23000,2026-02-23
https://stats47.jp/dashboard/population-composition/12000,2026-02-23
https://stats47.jp/dashboard/construction-manufacturing/18000,2026-02-23
https://stats47.jp/dashboard/housing-ownership/13000,2026-02-23
https://stats47.jp/dashboard/social-security-indicators/42000,2026-02-23
https://stats47.jp/dashboard/marriage/26000,2026-02-23
https://stats47.jp/dashboard/long-term-care-insurance/34000,2026-02-23
https://stats47.jp/dashboard/wages-working-conditions/16000,2026-02-23
https://stats47.jp/dashboard/weather-climate/08000,2026-02-23
https://stats47.jp/dashboard/11000/00000,2026-02-23
https://stats47.jp/dashboard/revenue/02000,2026-02-23
https://stats47.jp/dashboard/24000/00000,2026-02-23
https://stats47.jp/dashboard/commuting-school/12000,2026-02-23
http://stats47.jp/population/marriage/dashboard/01000,2026-02-23
https://stats47.jp/dashboard/disaster/37000,2026-02-23
https://stats47.jp/dashboard/industrial-production/14000,2026-02-23
https://stats47.jp/dashboard/staff-assembly-election/43000,2026-02-22
https://stats47.jp/dashboard/housing-structure/15000,2026-02-22
https://stats47.jp/dashboard/construction-manufacturing/37000,2026-02-22
https://stats47.jp/dashboard/industrial-production/08000,2026-02-22
https://stats47.jp/dashboard/fire-insurance/47000,2026-02-22
https://stats47.jp/dashboard/elementary-school/46000,2026-02-22
https://stats47.jp/dashboard/marriage/42000,2026-02-22
https://stats47.jp/dashboard/roads/02000,2026-02-22
https://stats47.jp/dashboard/forestry/18000,2026-02-22
https://stats47.jp/dashboard/population-composition/06000,2026-02-22
https://stats47.jp/dashboard/kindergarten/43000,2026-02-22
https://stats47.jp/dashboard/marriage/23000,2026-02-22
https://stats47.jp/dashboard/pharmacies/28000,2026-02-22
https://stats47.jp/dashboard/00000/27000,2026-02-22
https://stats47.jp/dashboard/social-security-indicators/12000,2026-02-22
https://stats47.jp/dashboard/00000/dashboard/24000,2026-02-21
https://stats47.jp/dashboard/police-crime/06000,2026-02-21
https://stats47.jp/safetyenvironment/police-crime/dashboard/06000,2026-02-21
https://stats47.jp/socialsecurity/life-expectancy/dashboard/33000,2026-02-21
https://stats47.jp/economy/gross-product-economic-indicators/dashboard/28000,2026-02-21
https://stats47.jp/construction/housing-facilities/dashboard/27000,2026-02-21
https://stats47.jp/construction/housing-ownership/dashboard/21000,2026-02-21
https://stats47.jp/economy/gross-product-economic-indicators/dashboard/16000,2026-02-21
https://stats47.jp/economy/business-scale/dashboard/13000,2026-02-21
https://stats47.jp/construction/living-environment/dashboard/20000,2026-02-21
https://stats47.jp/construction/housing-ownership/dashboard/39000,2026-02-21
https://stats47.jp/educationsports/educational-attainment/dashboard/01000,2026-02-21
https://stats47.jp/educationsports/social-activities/dashboard/30000,2026-02-21
https://stats47.jp/educationsports/special-education/dashboard/04000,2026-02-21
https://stats47.jp/laborwage/industrial-structure/dashboard/25000,2026-02-21
https://stats47.jp/laborwage/industrial-structure/dashboard/19000,2026-02-21
https://stats47.jp/laborwage/industrial-structure/dashboard/47000,2026-02-21
https://stats47.jp/educationsports/compulsory-education/dashboard/21000,2026-02-21
https://stats47.jp/laborwage/industrial-structure/dashboard/37000,2026-02-21
https://stats47.jp/educationsports/educational-attainment/dashboard/23000,2026-02-21
https://stats47.jp/laborwage/industrial-structure/dashboard/26000,2026-02-21
https://stats47.jp/agriculture/fishery/dashboard/19000,2026-02-21
https://stats47.jp/commercial/commerce-service-industry/dashboard/08000,2026-02-21
https://stats47.jp/agriculture/agricultural-production/dashboard/47000,2026-02-21
https://stats47.jp/agriculture/agricultural-production/dashboard/19000,2026-02-21
https://stats47.jp/educationsports/elementary-school/dashboard/11000,2026-02-21
https://stats47.jp/infrastructure/parks-greenery/dashboard/42000,2026-02-21
https://stats47.jp/safetyenvironment/traffic-accidents/dashboard/20000,2026-02-21
https://stats47.jp/laborwage/industrial-structure/dashboard/29000,2026-02-21
https://stats47.jp/economy/household-economy/dashboard/05000,2026-02-21
https://stats47.jp/educationsports/educational-attainment/dashboard/06000,2026-02-21
https://stats47.jp/laborwage/industrial-structure/dashboard/41000,2026-02-21
https://stats47.jp/safetyenvironment/traffic-accidents/dashboard/30000,2026-02-21
https://stats47.jp/socialsecurity/public-assistance-welfare/dashboard/28000,2026-02-21
https://stats47.jp/educationsports/information-communication/dashboard/45000,2026-02-21
https://stats47.jp/laborwage/wages-working-conditions/dashboard/42000,2026-02-21
https://stats47.jp/laborwage/wages-working-conditions/dashboard/02000,2026-02-21
https://stats47.jp/construction/housing-structure/dashboard/30000,2026-02-21
https://stats47.jp/economy/consumer-price-difference-index/dashboard/13108,2026-02-21
https://stats47.jp/construction/housing-structure/dashboard/38000,2026-02-21
https://stats47.jp/administrativefinancial/investment/dashboard/34000,2026-02-21
https://stats47.jp/agriculture/agricultural-household/dashboard/01000,2026-02-21
https://stats47.jp/energy/industrial-water/dashboard/40000,2026-02-21
https://stats47.jp/dashboard/employment-insurance/27000,2026-02-21
https://stats47.jp/socialsecurity/employment-insurance/dashboard/27000,2026-02-21
https://stats47.jp/area-profile/22000/dashboard/00000,2026-02-21
https://stats47.jp/dashboard/22000/00000,2026-02-21
http://stats47.jp/population/marriage/dashboard/26000,2026-02-21
https://stats47.jp/landweather/land-use/dashboard/29000,2026-02-21
https://stats47.jp/educationsports/kindergarten/dashboard/25000,2026-02-21
https://stats47.jp/miningindustry/manufacturing/dashboard/14000,2026-02-21
https://stats47.jp/administrativefinancial/tax-revenue/dashboard/16000,2026-02-21
https://stats47.jp/laborwage/job-seeking-placement/dashboard/13000,2026-02-21
https://stats47.jp/energy/industrial-water/dashboard/39000,2026-02-21
https://stats47.jp/population/commuting-school/dashboard/18000,2026-02-21
https://stats47.jp/dashboard/fishery/12000,2026-02-21
https://stats47.jp/construction/housing-ownership/dashboard/03000,2026-02-20
https://stats47.jp/agriculture/fishery/dashboard/01000,2026-02-20
https://stats47.jp/administrativefinancial/investment/dashboard/19000,2026-02-20
https://stats47.jp/administrativefinancial/fiscal-indicators/dashboard/34000,2026-02-20
https://stats47.jp/construction/housing-facilities/dashboard/13000,2026-02-20
https://stats47.jp/laborwage/job-seeking-placement/dashboard/11000,2026-02-20
https://stats47.jp/miningindustry/industrial-production/dashboard/17000,2026-02-20
https://stats47.jp/agriculture/forestry/dashboard/40000,2026-02-20
https://stats47.jp/safetyenvironment/fire-insurance/dashboard/01000,2026-02-20
https://stats47.jp/agriculture/fishery/dashboard/42000,2026-02-20
https://stats47.jp/economy/gross-product-economic-indicators/dashboard/01000,2026-02-20
https://stats47.jp/miningindustry/manufacturing/dashboard/43000,2026-02-20
https://stats47.jp/socialsecurity/life-expectancy/dashboard/17000,2026-02-20
https://stats47.jp/educationsports/junior-high-school/dashboard/15000,2026-02-20
https://stats47.jp/laborwage/industrial-structure/dashboard/08000,2026-02-20
https://stats47.jp/ranking/junior-college-count/dashboard/00000,2026-02-20
https://stats47.jp/socialsecurity/employment-insurance/dashboard/39000,2026-02-20
https://stats47.jp/educationsports/sports-facilities/dashboard/42000,2026-02-20
https://stats47.jp/economy/household-economy/dashboard/01000,2026-02-19
https://stats47.jp/construction/housing-statistics/dashboard/17000,2026-02-19
https://stats47.jp/socialsecurity/death-statistics/dashboard/24000,2026-02-19
https://stats47.jp/economy/household-economy/dashboard/47000,2026-02-19
https://stats47.jp/economy/household-economy/dashboard/32000,2026-02-19
https://stats47.jp/laborwage/wages-working-conditions/dashboard/13000,2026-02-19
https://stats47.jp/dashboard/housing-statistics/07000,2026-02-19
https://stats47.jp/population/basic-population/dashboard/13000,2026-02-19
https://stats47.jp/socialsecurity/death-statistics/dashboard/22000,2026-02-19
https://stats47.jp/educationsports/junior-high-school/dashboard/02000,2026-02-19
https://stats47.jp/dashboard/labor-force-structure/34000,2026-02-19
https://stats47.jp/construction/housing-structure/dashboard/02000,2026-02-19
https://stats47.jp/educationsports/high-school/dashboard/28000,2026-02-19
https://stats47.jp/socialsecurity/health-care/dashboard/22000,2026-02-19
https://stats47.jp/educationsports/kindergarten/dashboard/01000,2026-02-19
https://stats47.jp/educationsports/elementary-school/dashboard/29000,2026-02-19
https://stats47.jp/commercial/commercial-facilities/dashboard/39000,2026-02-19
https://stats47.jp/miningindustry/manufacturing/dashboard/07000,2026-02-19
https://stats47.jp/infrastructure/roads/dashboard/38000,2026-02-18
https://stats47.jp/dashboard/employment-insurance/25000,2026-02-18
https://stats47.jp/laborwage/industrial-structure/dashboard/14000,2026-02-18
https://stats47.jp/laborwage/industrial-structure/dashboard/03000,2026-02-18
https://stats47.jp/economy/gross-product-economic-indicators/dashboard/09000,2026-02-18
https://stats47.jp/construction/housing-ownership/dashboard/04000,2026-02-18
https://stats47.jp/educationsports/high-school/dashboard/17000,2026-02-18
https://stats47.jp/population/population-movement/dashboard/13000,2026-02-18
https://stats47.jp/construction/living-environment/dashboard/41000,2026-02-18
https://stats47.jp/economy/household-economy/dashboard/18000,2026-02-18
https://stats47.jp/dashboard/industrial-structure/46000,2026-02-18
https://stats47.jp/administrativefinancial/revenue/dashboard/43000,2026-02-18
https://stats47.jp/tourism/tourism-accommodation/dashboard/02000,2026-02-18
https://stats47.jp/laborwage/industrial-structure/dashboard/45000,2026-02-18
https://stats47.jp/administrativefinancial/revenue/dashboard/42000,2026-02-18
https://stats47.jp/educationsports/compulsory-education/dashboard/39000,2026-02-18
https://stats47.jp/laborwage/labor-force-structure/dashboard/34000,2026-02-18
https://stats47.jp/population/marriage/dashboard/14000,2026-02-18
https://stats47.jp/dashboard/sex-young-population-ratio/00000,2026-02-17
https://stats47.jp/ranking/sex-young-population-ratio/dashboard/00000,2026-02-17
https://stats47.jp/agriculture/agricultural-household/dashboard/20201,2026-02-17
https://stats47.jp/administrativefinancial/staff-assembly-election/dashboard/17000,2026-02-17
https://stats47.jp/miningindustry/manufacturing/dashboard/13000,2026-02-17
https://stats47.jp/educationsports/information-communication/dashboard/05000,2026-02-16
https://stats47.jp/laborwage/industrial-structure/dashboard/34000,2026-02-16
https://stats47.jp/safetyenvironment/fire-insurance/dashboard/21000,2026-02-16
https://stats47.jp/economy/agricultural-household-economy/dashboard/10000,2026-02-16
https://stats47.jp/educationsports/high-school/dashboard/38000,2026-02-16
https://stats47.jp/economy/business-scale/dashboard/22000,2026-02-16
https://stats47.jp/infrastructure/parks-greenery/dashboard/11000,2026-02-16
https://stats47.jp/infrastructure/roads/dashboard/45000,2026-02-16
https://stats47.jp/population/households/dashboard/07000,2026-02-16
https://stats47.jp/energy/infrastructure-energy/dashboard/38000,2026-02-16
https://stats47.jp/construction/housing-statistics/dashboard/07000,2026-02-16
https://stats47.jp/energy/infrastructure-energy/dashboard/16000,2026-02-16
https://stats47.jp/landweather/weather-climate/dashboard/14000,2026-02-16
https://stats47.jp/dashboard/19000/00000,2026-02-15
https://stats47.jp/dashboard/19000/dashboard/00000,2026-02-15
http://stats47.jp/area-profile/14000/dashboard/00000,2026-02-14
https://stats47.jp/ranking/dentists-in-medical-facilities-per-100k/dashboard/00000,2026-02-13
https://stats47.jp/stats/prefecture-rank?category=energy,2026-02-10
https://stats47.jp/blog/tags/預貯金純増率,2026-02-10
https://stats47.jp/blog/tags/医療体制,2026-02-09
https://stats47.jp/blog/tags/交通,2026-02-09
https://stats47.jp/blog/tags/光熱・水道,2026-02-06
https://stats47.jp/blog/tags/金融,2026-02-06
https://stats47.jp/blog/tags/預貯金現在高割合,2026-02-06
https://stats47.jp/blog/tags/精神医療,2026-02-05
https://stats47.jp/blog/tags/療育手帳,2026-02-03
http://stats47.jp/dashboard/13102/dashboard/00000,2026-02-02
https://stats47.jp/blog/tags/核家族世帯,2026-01-30
http://stats47.jp/dashboard/13104,2026-01-29
http://stats47.jp/dashboard/13104/dashboard/00000,2026-01-29
https://stats47.jp/dashboard/40130/dashboard/00000,2026-01-29
https://stats47.jp/blog/tags/医療従事者,2026-01-29
https://stats47.jp/blog/tags/雑誌,2026-01-28
https://stats47.jp/blog/tags/家電所有,2026-01-28
http://stats47.jp/dashboard/13102,2026-01-27
https://stats47.jp/blog/tags/交通アクセス,2026-01-27
https://stats47.jp/blog/tags/保健医療,2026-01-27
https://stats47.jp/blog/tags/安全・防災,2026-01-27
https://stats47.jp/dashboard/04100/dashboard/00000,2026-01-26
https://stats47.jp/ranking/final-energy-consumption-per-capita/dashboard/00000,2026-01-26
https://stats47.jp/ranking/annual-sunshine-duration/dashboard/00000,2026-01-26
https://stats47.jp/blog/tags/新契約,2026-01-26
https://stats47.jp/blog/tags/産業活動,2026-01-26
https://stats47.jp/blog/tags/テレビ・ラジオ・新聞・雑誌,2026-01-26
https://stats47.jp/ranking/japanese-entries/dashboard/00000,2026-01-23
https://stats47.jp/ranking/industrial-quasi-zone/dashboard/00000,2026-01-23
https://stats47.jp/blog/tags/家賃,2026-01-22
https://stats47.jp/ranking/neighborhood-commercial-zone/dashboard/00000,2026-01-22
https://stats47.jp/ranking/regular-cash-salary-female-pre2019/dashboard/00000,2026-01-21
https://stats47.jp/blog/tags/地域文化,2026-01-21
https://stats47.jp/blog/tags/交通量,2026-01-20
https://stats47.jp/ranking/secondary-education-school-count-per-100k-12-17/dashboard/00000,2026-01-18
https://stats47.jp/dashboard/08220/dashboard/00000,2026-01-15
https://stats47.jp/ranking/fire-department-emergency-car-count-per-100k/dashboard/00000,2026-01-14
https://stats47.jp/blog/tags/家事,2026-01-14
https://stats47.jp/blog/tags/検挙,2026-01-13
https://stats47.jp/blog/tags/エネルギー,2026-01-13
https://stats47.jp/blog/tags/水質汚濁防止,2026-01-13
https://stats47.jp/blog/tags/労働,2026-01-13
https://stats47.jp/blog/tags/有訴者率,2026-01-13
https://stats47.jp/blog/tags/文化,2026-01-13
https://stats47.jp/blog/tags/人口,2026-01-13
https://stats47.jp/blog/tags/特別法犯,2026-01-13
https://stats47.jp/blog/tags/窃盗,2026-01-13
https://stats47.jp/blog/tags/教育,2026-01-13
https://stats47.jp/blog/tags/森林,2026-01-13
https://stats47.jp/blog/tags/貯蓄,2026-01-13
https://stats47.jp/blog/tags/通院者率,2026-01-13
https://stats47.jp/blog/tags/水泳プール,2026-01-13
https://stats47.jp/blog/tags/高齢化率,2026-01-13
https://stats47.jp/blog/tags/安全,2026-01-13
https://stats47.jp/blog/tags/住宅扶助,2026-01-13
https://stats47.jp/blog/tags/2022年,2026-01-13
https://stats47.jp/blog/tags/不動産,2026-01-13
https://stats47.jp/blog/tags/犯罪・検挙,2026-01-13
https://stats47.jp/blog/tags/非行,2026-01-13
https://stats47.jp/blog/tags/家族,2026-01-13
https://stats47.jp/blog/tags/医療扶助,2026-01-13
https://stats47.jp/blog/tags/給油所,2026-01-13
https://stats47.jp/blog/tags/人口増減率,2026-01-13
https://stats47.jp/blog/tags/検挙件数,2026-01-13
https://stats47.jp/blog/tags/相対湿度,2026-01-13
https://stats47.jp/blog/tags/財政,2026-01-13
https://stats47.jp/blog/tags/犯罪率,2026-01-13
https://stats47.jp/blog/tags/経済,2026-01-13
https://stats47.jp/blog/tags/国際,2026-01-13
https://stats47.jp/blog/tags/民営借家比率,2026-01-13
https://stats47.jp/dashboard/27100/dashboard/00000,2026-01-13
https://stats47.jp/blog/tags/気象,2026-01-13
https://stats47.jp/blog/tags/転入率,2026-01-13
https://stats47.jp/blog/tags/消防,2026-01-13
https://stats47.jp/blog/tags/商業,2026-01-13
https://stats47.jp/blog/tags/犯罪,2026-01-13
https://stats47.jp/blog/tags/消費動向,2026-01-13
https://stats47.jp/blog/tags/農業,2026-01-13
https://stats47.jp/blog/tags/住宅敷地面積,2026-01-13
https://stats47.jp/blog/tags/投資,2026-01-13
https://stats47.jp/blog/tags/行政,2026-01-13
https://stats47.jp/blog/tags/治安,2026-01-13
https://stats47.jp/blog/tags/2003年,2026-01-13
https://stats47.jp/blog/tags/工業,2026-01-12
https://stats47.jp/blog/tags/住宅建設,2026-01-12
https://stats47.jp/blog/tags/生産年齢人口割合,2026-01-12
https://stats47.jp/blog/tags/宿泊業,2026-01-12
https://stats47.jp/blog/tags/父子世帯,2026-01-12
https://stats47.jp/blog/tags/公園,2026-01-12
https://stats47.jp/blog/tags/利便性,2026-01-12
https://stats47.jp/blog/tags/都市計画,2026-01-12
https://stats47.jp/blog/tags/騒音,2026-01-12
https://stats47.jp/blog/tags/地形,2026-01-12
https://stats47.jp/blog/tags/警察官数,2026-01-12
https://stats47.jp/blog/tags/騒音問題,2026-01-12
https://stats47.jp/blog/tags/医療,2026-01-12
https://stats47.jp/blog/tags/金融資産,2026-01-12
https://stats47.jp/ranking/fire-damage-casualties-per-accident/dashboard/00000,2026-01-11
https://stats47.jp/ranking/criminal-arrest-person/dashboard/00000,2026-01-11
https://stats47.jp/stats/prefecture-rank,2026-01-10
https://stats47.jp/blog/tags/検挙率,2026-01-08
https://stats47.jp/blog/tags/住居,2026-01-07
https://stats47.jp/blog/tags/婚姻率,2026-01-06
https://stats47.jp/blog/tags/婚姻,2026-01-06
https://stats47.jp/dashboard/08201/dashboard/00000,2026-01-06
https://stats47.jp/blog/tags/核家族世帯割合,2026-01-06
https://stats47.jp/blog/tags/電力,2026-01-06
https://stats47.jp/ranking/regional-parks-area/dashboard/00000,2026-01-06
https://stats47.jp/dashboard/11203/dashboard/00000,2026-01-06
https://stats47.jp/dashboard/01100/dashboard/00000,2026-01-06
https://stats47.jp/ranking/non-working-persons/dashboard/00000,2026-01-05
https://stats47.jp/blog/tags/近隣商業地域,2026-01-05
http://stats47.jp/&,2026-01-05
https://stats47.jp/laborwage/labor-disputes/dashboard/27100,2026-01-05
https://stats47.jp/blog/tags/出版,2026-01-04
https://stats47.jp/dashboard/18000,2026-01-04
https://stats47.jp/blog/tags/物価,2026-01-04
https://stats47.jp/blog/tags/犯罪対策,2026-01-04
https://stats47.jp/blog/tags/刑法犯検挙率,2026-01-03
https://stats47.jp/blog/tags/民営賃貸住宅,2026-01-03
https://stats47.jp/ranking/vacant-houses/dashboard/00000,2026-01-03
https://stats47.jp/blog/tags/雇用,2026-01-03
https://stats47.jp/blog/tags/住宅政策,2026-01-03
https://stats47.jp/blog/tags/高齢者医療,2026-01-02
https://stats47.jp/blog/tags/趣味・娯楽,2026-01-02
https://stats47.jp/blog/tags/死亡率,2026-01-02
https://stats47.jp/blog/tags/警察官,2026-01-02
https://stats47.jp/blog/tags/健康増進,2026-01-02
https://stats47.jp/blog/tags/教育扶助,2026-01-02
https://stats47.jp/blog/tags/ガソリン,2026-01-02
https://stats47.jp/blog/tags/転出率,2026-01-02
https://stats47.jp/blog/tags/建設,2026-01-02
https://stats47.jp/blog/tags/介護,2026-01-02
https://stats47.jp/blog/tags/道路,2026-01-02
https://stats47.jp/blog/tags/し尿処理,2026-01-02
https://stats47.jp/blog/tags/流通,2026-01-02
https://stats47.jp/blog/tags/診療所,2026-01-01
https://stats47.jp/blog/tags/防災,2026-01-01
https://stats47.jp/blog/tags/就業,2026-01-01
https://stats47.jp/blog/tags/医療供給,2026-01-01
https://stats47.jp/blog/tags/世帯,2025-12-31
https://stats47.jp/blog/tags/インバウンド,2025-12-31
https://stats47.jp/blog/tags/産業,2025-12-31
https://stats47.jp/blog/tags/地域医療,2025-12-31
https://stats47.jp/blog/tags/通信,2025-12-31
https://stats47.jp/blog/tags/災害,2025-12-31
https://stats47.jp/blog/tags/商業地域,2025-12-31
https://stats47.jp/blog/tags/救急,2025-12-31
https://stats47.jp/blog/tags/地域スポーツ,2025-12-31
https://stats47.jp/blog/tags/医療アクセス,2025-12-31
https://stats47.jp/blog/tags/消費性向,2025-12-31
https://stats47.jp/blog/tags/気候,2025-12-31
https://stats47.jp/blog/tags/離婚率,2025-12-31
https://stats47.jp/blog/tags/被服及び履物,2025-12-31
https://stats47.jp/blog/tags/消費者物価,2025-12-31
https://stats47.jp/blog/tags/地域開発,2025-12-31
https://stats47.jp/blog/tags/貸家,2025-12-31
https://stats47.jp/blog/tags/火災,2025-12-31
https://stats47.jp/blog/tags/金融アクセス,2025-12-31
https://stats47.jp/blog/tags/損害賠償,2025-12-31
https://stats47.jp/blog/tags/エネルギー消費,2025-12-31
https://stats47.jp/blog/tags/被服,2025-12-31
https://stats47.jp/blog/tags/消費者物価指数,2025-12-30
https://stats47.jp/blog/tags/消防吏員,2025-12-30
https://stats47.jp/blog/tags/行政職員,2025-12-30
https://stats47.jp/blog/tags/医療施設,2025-12-30
https://stats47.jp/blog/tags/社会増減率,2025-12-29
https://stats47.jp/blog/tags/健康,2025-12-29
https://stats47.jp/blog/tags/漁業,2025-12-29
https://stats47.jp/blog/tags/書籍,2025-12-29
https://stats47.jp/blog/tags/消防・防災,2025-12-28
https://stats47.jp/dashboard/27000/dashboard/00000,2025-12-26
https://stats47.jp/ranking/outpatients-per-fulltime-physician-per-day/dashboard/00000,2025-12-25
https://stats47.jp/blog/tags/転入超過率,2025-12-14
https://stats47.jp/ranking/computer-per-student-junior-high/dashboard/00000,2025-12-14
https://stats47.jp/ranking/kindergarten-education-cost-per-student/dashboard/00000,2025-12-14
https://stats47.jp/ranking/voluntary-auto-insurance-premium/dashboard/00000,2025-12-13
https://stats47.jp/ranking/regular-cash-salary-male/dashboard/00000,2025-12-13
https://stats47.jp/ranking/traffic-accident-casualties-infant/dashboard/00000,2025-12-13
https://stats47.jp/dashboard/00000/dashboard/21000,2025-12-08
https://stats47.jp/blog/tags/スポーツ参加率,2025-12-01
https://stats47.jp/blog/tags/介護扶助,2025-12-01
https://stats47.jp/blog/tags/借家,2025-12-01
https://stats47.jp/blog/tags/面積,2025-12-01
